symbol,feature,period,horizon_minutes,threshold,events,gross_mean,net_mean,median_net,win_rate,trade_sharpe
BTCUSDT,sig_price_mr,selection,15,1.5,6458,8.901294867042307e-05,-0.0009109870513295772,-0.0009573416218683897,0.30953855682873954,-21.64085039496309
BTCUSDT,sig_price_mr,holdout,15,1.5,2956,1.1325696901846192e-06,-0.0009988674303098156,-0.0010218362425570829,0.2780784844384303,-20.6035114315569
BTCUSDT,sig_price_mr,selection,15,2.0,3302,0.00019808922793885598,-0.0008019107720611444,-0.0009246246373205138,0.33101150817686253,-12.701499316034962
BTCUSDT,sig_price_mr,holdout,15,2.0,1409,2.0187351613667834e-05,-0.0009798126483863325,-0.0010260303461775413,0.2895670688431512,-12.722714577807123
BTCUSDT,sig_price_mr,selection,15,2.5,1691,0.00015747219174810267,-0.0008425278082518977,-0.0009330633057504914,0.34299231224127735,-8.50824112622991
BTCUSDT,sig_price_mr,holdout,15,2.5,720,0.0001509596575258392,-0.000849040342474161,-0.000982223516769686,0.31666666666666665,-6.996726015406244
BTCUSDT,sig_price_mr,selection,30,1.5,6458,0.00019822199476005975,-0.0008017780052399407,-0.0009116825270077946,0.3666769897801177,-13.148438903343955
BTCUSDT,sig_price_mr,holdout,30,1.5,2955,-0.00013031531349940725,-0.0011303153134994074,-0.0010495624160373742,0.3197969543147208,-17.22060410667081
BTCUSDT,sig_price_mr,selection,30,2.0,3302,0.000336106529743154,-0.0006638934702568464,-0.000820710120546019,0.3912780133252574,-7.38766598295334
BTCUSDT,sig_price_mr,holdout,30,2.0,1409,-0.0001019924093544091,-0.0011019924093544095,-0.0010204399964739421,0.32860184528034064,-11.248842461341104
BTCUSDT,sig_price_mr,selection,30,2.5,1691,0.0003510211075734138,-0.0006489788924265865,-0.000733520872846615,0.3985807214665878,-4.700381239084588
BTCUSDT,sig_price_mr,holdout,30,2.5,720,-7.015708866486173e-05,-0.001070157088664862,-0.0010039883711542288,0.3541666666666667,-7.2442937460765435
BTCUSDT,sig_price_mr,selection,60,1.5,6458,0.00027450772204936193,-0.0007254922779506386,-0.0009334272515588707,0.39485908950139365,-8.71064057971262
BTCUSDT,sig_price_mr,holdout,60,1.5,2955,-0.000253219383773984,-0.0012532193837739845,-0.0011197374755848024,0.36446700507614216,-14.142624824419906
BTCUSDT,sig_price_mr,selection,60,2.0,3302,0.0004919164998135806,-0.0005080835001864198,-0.0007978062612273842,0.419442761962447,-3.9523659449055413
BTCUSDT,sig_price_mr,holdout,60,2.0,1409,-0.0002471671847116575,-0.0012471671847116578,-0.0010540912519422232,0.376153300212917,-9.86716506631927
BTCUSDT,sig_price_mr,selection,60,2.5,1691,0.0004710965052498355,-0.000528903494750165,-0.0007326995601164557,0.42992312241277353,-2.937507791101344
BTCUSDT,sig_price_mr,holdout,60,2.5,720,-0.00027828723453039115,-0.0012782872345303915,-0.0010381806787063122,0.38472222222222224,-6.725491770286886
BTCUSDT,sig_funding_contra,selection,15,1.5,2833,3.542305612084272e-05,-0.0009645769438791575,-0.0009611564868666758,0.29191669608189197,-21.061854120044114
BTCUSDT,sig_funding_contra,holdout,15,1.5,1809,-0.00012601563616416547,-0.001126015636164166,-0.0010725784579496125,0.2316196793808734,-24.427301180955173
BTCUSDT,sig_funding_contra,selection,15,2.0,1656,5.1234921943783636e-05,-0.0009487650780562167,-0.0009645814990270609,0.3007246376811594,-14.842793409845079
BTCUSDT,sig_funding_contra,holdout,15,2.0,630,-0.0001252467501183565,-0.0011252467501183566,-0.0010370642151039658,0.21746031746031746,-14.024209632079076
BTCUSDT,sig_funding_contra,selection,15,2.5,934,0.00012398671583574723,-0.000876013284164253,-0.000854564290584058,0.3233404710920771,-10.094583474419844
BTCUSDT,sig_funding_contra,holdout,15,2.5,385,-0.00010079969156155425,-0.0011007996915615545,-0.0010177890950305848,0.24155844155844156,-9.226933941318094
BTCUSDT,sig_funding_contra,selection,30,1.5,2833,5.638770838500232e-05,-0.000943612291614998,-0.0009383181790644226,0.3480409459936463,-14.944057214567447
BTCUSDT,sig_funding_contra,holdout,30,1.5,1809,-0.00021062538293733384,-0.001210625382937334,-0.0010815680436797584,0.27860696517412936,-19.002900478348835
BTCUSDT,sig_funding_contra,selection,30,2.0,1656,9.360173988976377e-05,-0.0009063982601102366,-0.0009866496160357277,0.3641304347826087,-10.064079370934339
BTCUSDT,sig_funding_contra,holdout,30,2.0,630,-0.00017563853960697427,-0.0011756385396069745,-0.0010788819785017547,0.2634920634920635,-10.365439254868592
BTCUSDT,sig_funding_contra,selection,30,2.5,934,0.00018680624369826843,-0.0008131937563017319,-0.0008535941809149619,0.40471092077087795,-6.711871282236228
BTCUSDT,sig_funding_contra,holdout,30,2.5,385,-0.00010053803393714409,-0.0011005380339371444,-0.0010204399964739421,0.2961038961038961,-6.495024679210951
BTCUSDT,sig_funding_contra,selection,60,1.5,2833,7.688102255485986e-05,-0.0009231189774451404,-0.0010043845482671223,0.3819272855630074,-10.653700874023988
BTCUSDT,sig_funding_contra,holdout,60,1.5,1809,-0.0003536040031354471,-0.0013536040031354476,-0.001183546912988608,0.33167495854063017,-16.035775336982365
BTCUSDT,sig_funding_contra,selection,60,2.0,1656,0.00014576982531994367,-0.0008542301746800568,-0.0011338006102762912,0.37379227053140096,-6.674650314263848
BTCUSDT,sig_funding_contra,holdout,60,2.0,630,-0.0001540456890469354,-0.0011540456890469356,-0.0010089547834704607,0.35079365079365077,-7.879853748998102
BTCUSDT,sig_funding_contra,selection,60,2.5,934,0.000408077542590147,-0.0005919224574098535,-0.0007877963919211131,0.4143468950749465,-3.5937033031779957
BTCUSDT,sig_funding_contra,holdout,60,2.5,385,6.282206108433085e-06,-0.0009937177938915672,-0.0008362127304607494,0.35324675324675325,-4.696537504132792
BTCUSDT,sig_flow_cont,selection,15,1.5,6708,-3.658351041715852e-05,-0.0010365835104171588,-0.0010725180072793097,0.22510435301132975,-36.2503474565612
BTCUSDT,sig_flow_cont,holdout,15,1.5,3466,-4.954485094371378e-05,-0.0010495448509437143,-0.0010639301773616707,0.19994229659549914,-33.41142969076835
BTCUSDT,sig_flow_cont,selection,15,2.0,2452,-5.133543977498891e-05,-0.001051335439774989,-0.0010757443979858552,0.21900489396411094,-22.354199358360656
BTCUSDT,sig_flow_cont,holdout,15,2.0,1253,-1.5266802240886687e-05,-0.001015266802240887,-0.0010064022699888256,0.19952114924181963,-20.24343839915265
BTCUSDT,sig_flow_cont,selection,15,2.5,854,-8.471100720649665e-05,-0.001084711007206497,-0.0010928852726729268,0.21311475409836064,-15.364819024207762
BTCUSDT,sig_flow_cont,holdout,15,2.5,408,-1.5972531198147005e-05,-0.0010159725311981473,-0.0009943158931082765,0.2107843137254902,-12.701914004952531
BTCUSDT,sig_flow_cont,selection,30,1.5,6708,-2.6234958648962956e-05,-0.0010262349586489634,-0.001049233672280602,0.2902504472271914,-26.285405242543074
BTCUSDT,sig_flow_cont,holdout,30,1.5,3466,-7.116976629422791e-05,-0.0010711697662942282,-0.001080513369044799,0.2671667628390075,-24.3294837969533
BTCUSDT,sig_flow_cont,selection,30,2.0,2452,-8.124667402058705e-05,-0.0010812466740205873,-0.0011232930505145058,0.26468189233278955,-18.115040665705088
BTCUSDT,sig_flow_cont,holdout,30,2.0,1253,-6.2138964562361e-05,-0.0010621389645623612,-0.0010012896419825381,0.2657621707901037,-15.484062731073307
BTCUSDT,sig_flow_cont,selection,30,2.5,854,-1.5108646127887808e-05,-0.0010151086461278882,-0.0010977824104905212,0.2646370023419204,-10.12520754294346
BTCUSDT,sig_flow_cont,holdout,30,2.5,408,-0.00011994842686882586,-0.0011199484268688263,-0.001077051457826327,0.25735294117647056,-10.235180895041939
BTCUSDT,sig_flow_cont,selection,60,1.5,6708,-7.927927567047992e-05,-0.0010792792756704802,-0.0010907348050885326,0.33392963625521765,-20.352980061168594
BTCUSDT,sig_flow_cont,holdout,60,1.5,3465,-0.00016205114350866415,-0.0011620511435086647,-0.0010748429047429111,0.33391053391053394,-18.675687756969886
BTCUSDT,sig_flow_cont,selection,60,2.0,2452,-0.00016715052766336474,-0.0011671505276633649,-0.0011071480511883882,0.3197389885807504,-14.589391748437528
BTCUSDT,sig_flow_cont,holdout,60,2.0,1253,-0.00010644242617403308,-0.0011064424261740334,-0.0010344123345776826,0.3304070231444533,-11.365867010053968
BTCUSDT,sig_flow_cont,selection,60,2.5,854,-0.00020348649710921022,-0.0012034864971092105,-0.0011797155587884292,0.3255269320843091,-8.934720690653542
BTCUSDT,sig_flow_cont,holdout,60,2.5,408,-5.7008299129817054e-05,-0.0010570082991298174,-0.0009445439535051827,0.3235294117647059,-6.521248329848104
BTCUSDT,sig_lead_follow,selection,15,1.5,5421,1.3966110745829824e-05,-0.0009860338892541704,-0.000984293857439921,0.2945950931562442,-19.257236466728394
BTCUSDT,sig_lead_follow,holdout,15,1.5,2809,4.568936902068837e-06,-0.0009954310630979314,-0.0010409559921259462,0.27981488074047706,-18.776938507249334
BTCUSDT,sig_lead_follow,selection,15,2.0,2494,7.716941396771717e-05,-0.0009228305860322831,-0.0009238859607300634,0.3103448275862069,-10.201082546612902
BTCUSDT,sig_lead_follow,holdout,15,2.0,1249,5.5378290627119976e-05,-0.0009446217093728803,-0.0010244663754740415,0.2946357085668535,-11.08715941404852
BTCUSDT,sig_lead_follow,selection,15,2.5,1171,3.5949289120859724e-05,-0.0009640507108791406,-0.0009115308078811992,0.33134073441502987,-5.861217954790479
BTCUSDT,sig_lead_follow,holdout,15,2.5,568,0.0002957138883058343,-0.0007042861116941658,-0.0009445253549938961,0.3274647887323944,-4.8718698505486415
BTCUSDT,sig_lead_follow,selection,30,1.5,5421,0.00010195430096062038,-0.00089804569903938,-0.000923861391903257,0.35307138904261204,-13.699318560067843
BTCUSDT,sig_lead_follow,holdout,30,1.5,2809,-2.0910179887373763e-05,-0.001020910179887374,-0.0010929411217993614,0.327874688501246,-14.189550230045327
BTCUSDT,sig_lead_follow,selection,30,2.0,2494,0.00019347281982681996,-0.0008065271801731804,-0.0008584622650909526,0.3744987971130714,-7.33396625578127
BTCUSDT,sig_lead_follow,holdout,30,2.0,1249,5.232029970133698e-05,-0.0009476797002986633,-0.0010309473402870797,0.3434747798238591,-8.265166039929836
BTCUSDT,sig_lead_follow,selection,30,2.5,1171,8.796731129370864e-05,-0.0009120326887062916,-0.0008424715078901848,0.38941076003415886,-4.810596303765482
BTCUSDT,sig_lead_follow,holdout,30,2.5,568,0.00020123313882645756,-0.0007987668611735428,-0.0009178209711184762,0.36795774647887325,-4.379036943279107
BTCUSDT,sig_lead_follow,selection,60,1.5,5421,8.147736160029373e-05,-0.0009185226383997068,-0.0009204892486904806,0.387382401770891,-10.671644348870025
BTCUSDT,sig_lead_follow,holdout,60,1.5,2809,-9.350868960429508e-05,-0.0010935086896042953,-0.0010656482699672445,0.3791384834460662,-11.263507721120241
BTCUSDT,sig_lead_follow,selection,60,2.0,2494,0.00013356584552823224,-0.0008664341544717682,-0.0008225312673276744,0.4037690457097033,-6.193698618026213
BTCUSDT,sig_lead_follow,holdout,60,2.0,1249,6.194612881769455e-05,-0.0009380538711823058,-0.0009326382303137528,0.3955164131305044,-6.348296382872582
BTCUSDT,sig_lead_follow,selection,60,2.5,1171,5.88363366723487e-05,-0.0009411636633276519,-0.0007290180438636043,0.4227156276686593,-3.9760294256688424
BTCUSDT,sig_lead_follow,holdout,60,2.5,568,6.857313799363274e-05,-0.0009314268620063677,-0.0010183410899444736,0.4084507042253521,-3.989397666767664
ETHUSDT,sig_price_mr,selection,15,1.5,6246,0.00016241710143989515,-0.0008375828985601051,-0.0008886922064515459,0.3621517771373679,-13.661752641307324
ETHUSDT,sig_price_mr,holdout,15,1.5,2957,0.00011556669856462239,-0.0008844333014353779,-0.001,0.3016570848833277,-13.175170392702
ETHUSDT,sig_price_mr,selection,15,2.0,3084,0.000207934703393531,-0.0007920652966064693,-0.0008870358576546491,0.3719195849546044,-8.365064636913853
ETHUSDT,sig_price_mr,holdout,15,2.0,1451,0.00020276629499469854,-0.0007972337050053017,-0.0009599294758775292,0.32184700206753963,-7.873371939377678
ETHUSDT,sig_price_mr,selection,15,2.5,1630,0.0002369313400327804,-0.0007630686599672201,-0.0008489387030156106,0.37975460122699384,-5.2113771912191496
ETHUSDT,sig_price_mr,holdout,15,2.5,734,0.00025243553377067964,-0.0007475644662293206,-0.0010245793209467937,0.32697547683923706,-4.95925213288087
ETHUSDT,sig_price_mr,selection,30,1.5,6246,0.0002778827049030519,-0.0007221172950969485,-0.0008938299994210022,0.39929554915145693,-8.361929746163323
ETHUSDT,sig_price_mr,holdout,30,1.5,2956,0.00030272921695069586,-0.0006972707830493044,-0.000919341687298846,0.36502029769959404,-7.766594391039132
ETHUSDT,sig_price_mr,selection,30,2.0,3084,0.0003653099443008727,-0.0006346900556991279,-0.0007909702405055055,0.4166666666666667,-4.701639739292693
ETHUSDT,sig_price_mr,holdout,30,2.0,1451,0.0004613777534868539,-0.0005386222465131464,-0.0008884621353196778,0.3852515506547209,-3.9986989968323003
ETHUSDT,sig_price_mr,selection,30,2.5,1630,0.00034275265020123117,-0.0006572473497987694,-0.0007827642723924324,0.41840490797546015,-3.225343765062454
ETHUSDT,sig_price_mr,holdout,30,2.5,734,0.000644692040666936,-0.00035530795933306445,-0.0009205942837650629,0.3991825613079019,-1.7179252750050054
ETHUSDT,sig_price_mr,selection,60,1.5,6246,0.00037874692160421244,-0.0006212530783957881,-0.0008288428060839728,0.430835734870317,-5.481929890341147
ETHUSDT,sig_price_mr,holdout,60,1.5,2955,0.00035586562302766453,-0.0006441343769723359,-0.0009215713613469614,0.39526226734348563,-5.179996128980645
ETHUSDT,sig_price_mr,selection,60,2.0,3084,0.00043116455708815885,-0.0005688354429118417,-0.0007981123484198096,0.4345006485084306,-3.3652664734603532
ETHUSDT,sig_price_mr,holdout,60,2.0,1451,0.0006445454340717155,-0.000355454565928285,-0.0009279647027043971,0.39696760854583046,-2.000604112525785
ETHUSDT,sig_price_mr,selection,60,2.5,1630,0.00040938569997448534,-0.0005906143000255153,-0.0009585480399038051,0.4263803680981595,-2.404015218017496
ETHUSDT,sig_price_mr,holdout,60,2.5,734,0.0011404180454319545,0.000140418045431954,-0.0009169101652206626,0.4032697547683924,0.5195057513932685
ETHUSDT,sig_funding_contra,selection,15,1.5,2686,-1.9707230834545387e-05,-0.0010197072308345458,-0.0009624447141909345,0.35443037974683544,-13.36961451675957
ETHUSDT,sig_funding_contra,holdout,15,1.5,1420,6.277274654714881e-05,-0.0009372272534528515,-0.0009913516804818103,0.3049295774647887,-9.516579312672807
ETHUSDT,sig_funding_contra,selection,15,2.0,1406,-0.00010668879372061306,-0.0011066887937206135,-0.0010502993132982521,0.3406827880512091,-10.760152814636863
ETHUSDT,sig_funding_contra,holdout,15,2.0,579,2.0480232371132065e-05,-0.0009795197676288683,-0.0010309208858214616,0.3592400690846287,-4.736863829628835
ETHUSDT,sig_funding_contra,selection,15,2.5,722,-0.00011399685419914295,-0.0011139968541991434,-0.0009619070584380709,0.32409972299168976,-7.826592461583459
ETHUSDT,sig_funding_contra,holdout,15,2.5,573,2.173519140347213e-05,-0.0009782648085965284,-0.0010314026956073077,0.35776614310645727,-4.6868018006738055
ETHUSDT,sig_funding_contra,selection,30,1.5,2686,-0.0001121779572815616,-0.0011121779572815622,-0.001,0.3901712583767684,-10.199508265367124
ETHUSDT,sig_funding_contra,holdout,30,1.5,1420,0.00017914523242848815,-0.0008208547675715123,-0.0009661269641779704,0.3598591549295775,-5.823999079791455
ETHUSDT,sig_funding_contra,selection,30,2.0,1406,-0.0002981369806084452,-0.0012981369806084457,-0.0010394142845668855,0.38193456614509247,-8.854799132434362
ETHUSDT,sig_funding_contra,holdout,30,2.0,579,0.00013370642475095116,-0.0008662935752490495,-0.0011248428701805526,0.37823834196891193,-2.91786469587381
ETHUSDT,sig_funding_contra,selection,30,2.5,722,-0.0003578186033249924,-0.0013578186033249928,-0.0010157549785732014,0.37534626038781166,-6.534471939258816
ETHUSDT,sig_funding_contra,holdout,30,2.5,573,0.00011074249157681456,-0.0008892575084231861,-0.0011459352734138886,0.3769633507853403,-2.969900479339695
ETHUSDT,sig_funding_contra,selection,60,1.5,2686,-0.0001708058515431888,-0.0011708058515431895,-0.0010032121805887409,0.40841399851079674,-7.654997208620804
ETHUSDT,sig_funding_contra,holdout,60,1.5,1420,0.00033544527797933185,-0.0006645547220206687,-0.0008559275888915798,0.41619718309859155,-3.3368667120423146
ETHUSDT,sig_funding_contra,selection,60,2.0,1406,-0.0007149717698888022,-0.0017149717698888027,-0.0013039374807329853,0.38549075391180654,-8.303418083316028
ETHUSDT,sig_funding_contra,holdout,60,2.0,579,0.00013657650053968074,-0.00086342349946032,-0.001208610267506404,0.4317789291882556,-2.0308208715679266
ETHUSDT,sig_funding_contra,selection,60,2.5,722,-0.0009497036619947323,-0.0019497036619947328,-0.001280813526096435,0.3850415512465374,-6.421942723239463
ETHUSDT,sig_funding_contra,holdout,60,2.5,573,0.00012995283265443365,-0.0008700471673455672,-0.001208610267506404,0.4328097731239092,-2.0264589519517893
ETHUSDT,sig_flow_cont,selection,15,1.5,6866,2.1096088791931753e-05,-0.0009789039112080686,-0.0010702226751631563,0.29522283716865716,-23.72430899899925
ETHUSDT,sig_flow_cont,holdout,15,1.5,3520,3.552178833145738e-05,-0.000964478211668543,-0.0010974280596438004,0.2505681818181818,-22.69632426924801
ETHUSDT,sig_flow_cont,selection,15,2.0,2510,-3.60713069771018e-05,-0.0010360713069771021,-0.0010501848304451103,0.2800796812749004,-16.175450300738973
ETHUSDT,sig_flow_cont,holdout,15,2.0,1292,0.00011957279627460002,-0.0008804272037254003,-0.0010655756698247356,0.25077399380804954,-12.769444081835637
ETHUSDT,sig_flow_cont,selection,15,2.5,887,-0.0001326527682992745,-0.001132652768299275,-0.0011270715306822545,0.2525366403607666,-12.23299093132864
ETHUSDT,sig_flow_cont,holdout,15,2.5,389,9.928908390784738e-05,-0.000900710916092153,-0.001086385998557481,0.23393316195372751,-7.4490521631587825
ETHUSDT,sig_flow_cont,selection,30,1.5,6866,-1.533238695610735e-05,-0.0010153323869561079,-0.0010891179944761955,0.3429944654820856,-18.02369889323318
ETHUSDT,sig_flow_cont,holdout,30,1.5,3520,-9.646362922173901e-06,-0.0010096463629221742,-0.0011695779827266542,0.2872159090909091,-16.365610739107332
ETHUSDT,sig_flow_cont,selection,30,2.0,2510,2.0856547764802526e-05,-0.0009791434522351979,-0.0010272608203018,0.3430278884462151,-10.91625792622819
ETHUSDT,sig_flow_cont,holdout,30,2.0,1292,-2.6850736607482874e-05,-0.001026850736607483,-0.0011849078126447412,0.2894736842105263,-10.030503674284583
ETHUSDT,sig_flow_cont,selection,30,2.5,887,-0.00012214893516411375,-0.0011221489351641142,-0.0011041005544193397,0.3246899661781285,-8.798818264582641
ETHUSDT,sig_flow_cont,holdout,30,2.5,389,-0.00014593663894235694,-0.0011459366389423573,-0.001254773769529093,0.2467866323907455,-7.632721130369899
ETHUSDT,sig_flow_cont,selection,60,1.5,6866,-5.851990327613113e-05,-0.0010585199032761318,-0.001125253488327648,0.38319254296533645,-13.472337984943406
ETHUSDT,sig_flow_cont,holdout,60,1.5,3519,3.226540235133363e-05,-0.0009677345976486668,-0.0010740112102313173,0.3537936913895993,-11.097663006521493
ETHUSDT,sig_flow_cont,selection,60,2.0,2510,4.5037189483351416e-05,-0.000954962810516649,-0.0009490414480866063,0.38286852589641435,-7.7210475225022845
ETHUSDT,sig_flow_cont,holdout,60,2.0,1292,2.9224285838477108e-05,-0.0009707757141615232,-0.0011198926929960598,0.33359133126934987,-6.625504491034602
ETHUSDT,sig_flow_cont,selection,60,2.5,887,-6.160243127745156e-05,-0.0010616024312774522,-0.0009659475933462272,0.36753100338218714,-5.977205349076771
ETHUSDT,sig_flow_cont,holdout,60,2.5,389,-0.00016613275738525183,-0.0011661327573852522,-0.0011948842874544,0.3033419023136247,-5.2706548101581125
ETHUSDT,sig_lead_follow,selection,15,1.5,5521,3.0135702737258252e-05,-0.0009698642972627421,-0.0008935862939146713,0.3647889875022641,-13.245425918446768
ETHUSDT,sig_lead_follow,holdout,15,1.5,2782,-0.00010342392302730066,-0.001103423923027301,-0.0011124614614537722,0.295470884255931,-15.55794664727827
ETHUSDT,sig_lead_follow,selection,15,2.0,2585,4.799804257289276e-05,-0.0009520019574271077,-0.0008975252344109999,0.3798839458413926,-7.700924938100868
ETHUSDT,sig_lead_follow,holdout,15,2.0,1321,-5.0131505435337984e-05,-0.0010501315054353383,-0.0011302504401566873,0.315669947009841,-9.036940031551584
ETHUSDT,sig_lead_follow,selection,15,2.5,1255,-0.0002498059953499888,-0.0012498059953499894,-0.0009555654299046026,0.3752988047808765,-5.877739774769872
ETHUSDT,sig_lead_follow,holdout,15,2.5,630,-5.602523012129057e-05,-0.0010560252301212907,-0.0011625793389291586,0.3333333333333333,-5.809919297313354
ETHUSDT,sig_lead_follow,selection,30,1.5,5521,1.2639941319920705e-06,-0.0009987360058680084,-0.0009591561022354025,0.39159572541206306,-10.096662978446455
ETHUSDT,sig_lead_follow,holdout,30,1.5,2781,-9.025097535318822e-06,-0.001009025097535319,-0.001017181097356711,0.35382955771305286,-10.834317280084713
ETHUSDT,sig_lead_follow,selection,30,2.0,2585,0.00015907011946936694,-0.0008409298805306335,-0.0009353033464342122,0.40309477756286266,-5.196912131022848
ETHUSDT,sig_lead_follow,holdout,30,2.0,1321,3.7751281196505e-05,-0.0009622487188034954,-0.0009355519971444562,0.3709311127933384,-6.318789603773712
ETHUSDT,sig_lead_follow,selection,30,2.5,1255,5.17120537086972e-05,-0.0009482879462913034,-0.0009512979106801591,0.4119521912350598,-3.346835115973286
ETHUSDT,sig_lead_follow,holdout,30,2.5,630,0.00010941214639583822,-0.0008905878536041622,-0.0008681303825686095,0.38095238095238093,-3.681783888643461
ETHUSDT,sig_lead_follow,selection,60,1.5,5521,0.00023706415794850182,-0.0007629358420514988,-0.000801252111696348,0.43343597174424925,-5.92866180605344
ETHUSDT,sig_lead_follow,holdout,60,1.5,2781,-3.6338199068414394e-06,-0.0010036338199068417,-0.0009279733501393874,0.3969795037756203,-7.743093017369957
ETHUSDT,sig_lead_follow,selection,60,2.0,2585,0.000494823861425,-0.0005051761385750006,-0.0007115800605682612,0.44990328820116054,-2.508760775349244
ETHUSDT,sig_lead_follow,holdout,60,2.0,1321,-6.5758389487609965e-06,-0.0010065758389487614,-0.0009512884212578001,0.3981831945495837,-4.812599280635723
ETHUSDT,sig_lead_follow,selection,60,2.5,1255,0.0004472195048305832,-0.0005527804951694175,-0.0007033667869678064,0.45338645418326695,-1.653461086478633
ETHUSDT,sig_lead_follow,holdout,60,2.5,630,-0.00011732324219109227,-0.0011173232421910928,-0.0011152510493894754,0.40476190476190477,-3.447447489684203
SOLUSDT,sig_price_mr,selection,15,1.5,6263,0.0001555612798003441,-0.0008444387201996562,-0.0009282021826536582,0.3643621267763053,-12.750157840939755
SOLUSDT,sig_price_mr,holdout,15,1.5,2876,-0.00011421811346409939,-0.0011142181134640998,-0.0011360094341804619,0.3143254520166898,-14.770610069224238
SOLUSDT,sig_price_mr,selection,15,2.0,2954,5.72311074023577e-05,-0.0009427688925976427,-0.0009634436093774448,0.36865267433987814,-8.613995043761939
SOLUSDT,sig_price_mr,holdout,15,2.0,1427,-0.00015027325794946846,-0.001150273257949469,-0.0011221001221002327,0.32305536089698667,-10.084599168384203
SOLUSDT,sig_price_mr,selection,15,2.5,1444,0.0001722696900930923,-0.0008277303099069081,-0.0008827266606663544,0.39196675900277006,-4.320813918836416
SOLUSDT,sig_price_mr,holdout,15,2.5,529,-9.290407079892925e-05,-0.0010929040707989294,-0.001136425648021854,0.3534971644612476,-4.70447466196091
SOLUSDT,sig_price_mr,selection,30,1.5,6263,0.00026966652252256596,-0.0007303334774774345,-0.0008790615173749341,0.40747245728883924,-7.956450211073044
SOLUSDT,sig_price_mr,holdout,30,1.5,2876,-0.0001421435087831991,-0.0011421435087831996,-0.001234041661634099,0.3588317107093185,-11.234381144420714
SOLUSDT,sig_price_mr,selection,30,2.0,2954,0.00013960714584126334,-0.0008603928541587371,-0.0009205200785941661,0.40724441435341907,-5.75710207163926
SOLUSDT,sig_price_mr,holdout,30,2.0,1427,-1.4268805382438411e-05,-0.001014268805382439,-0.0012337540906964808,0.3749124036440084,-6.809241656652002
SOLUSDT,sig_price_mr,selection,30,2.5,1444,0.00027355459466491043,-0.0007264454053350899,-0.0007739731061791036,0.4265927977839335,-2.9526052836491856
SOLUSDT,sig_price_mr,holdout,30,2.5,529,-2.1252359808276705e-05,-0.0010212523598082772,-0.0014783544606554724,0.3742911153119093,-3.397299535171308
SOLUSDT,sig_price_mr,selection,60,1.5,6263,0.0004137819074833782,-0.0005862180925166223,-0.0008850045998161074,0.43685134919367713,-4.713089778477599
SOLUSDT,sig_price_mr,holdout,60,1.5,2876,-7.31258635380397e-05,-0.0010731258635380402,-0.0011190619010890126,0.40159944367176637,-7.370603228850163
SOLUSDT,sig_price_mr,selection,60,2.0,2954,0.0003743858418122214,-0.0006256141581877792,-0.0008624997936446102,0.4350033852403521,-3.2701224408895926
SOLUSDT,sig_price_mr,holdout,60,2.0,1427,0.0001779709461497742,-0.0008220290538502263,-0.0011207729468599706,0.4099509460406447,-4.14138480796538
SOLUSDT,sig_price_mr,selection,60,2.5,1444,0.0008884102497810283,-0.0001115897502189725,-0.0005462787854645925,0.4695290858725762,-0.3609727375306912
SOLUSDT,sig_price_mr,holdout,60,2.5,529,0.00025972127680248775,-0.0007402787231975129,-0.0012301760847047696,0.42911153119092627,-1.8672370500499436
SOLUSDT,sig_funding_contra,selection,15,1.5,3009,5.320759686488546e-05,-0.0009467924031351148,-0.0008891106675538154,0.3615819209039548,-14.254096963513302
SOLUSDT,sig_funding_contra,holdout,15,1.5,1847,0.00021056299418716716,-0.0007894370058128332,-0.0007775305895439946,0.32539252842447214,-12.08797588174373
SOLUSDT,sig_funding_contra,selection,15,2.0,1573,7.807458976612619e-05,-0.0009219254102338742,-0.0009049828214974234,0.35918626827717737,-10.676601776514858
SOLUSDT,sig_funding_contra,holdout,15,2.0,499,0.00033111476242959973,-0.0006688852375704004,-0.000636010677020126,0.37074148296593185,-5.20955717958338
SOLUSDT,sig_funding_contra,selection,15,2.5,949,7.986090246717824e-05,-0.0009201390975328221,-0.0007613365155131327,0.37302423603793466,-8.844756723406114
SOLUSDT,sig_funding_contra,holdout,15,2.5,105,0.0005205439227857143,-0.0004794560772142861,-0.0007576345128451614,0.3047619047619048,-1.613448689264838
SOLUSDT,sig_funding_contra,selection,30,1.5,3009,0.00011563607556229815,-0.0008843639244377023,-0.0008732807096278874,0.4037886340977069,-9.638417803617877
SOLUSDT,sig_funding_contra,holdout,30,1.5,1847,0.00039496555946016916,-0.000605034440539831,-0.0007481742634097835,0.37682728749323224,-6.66868910696924
SOLUSDT,sig_funding_contra,selection,30,2.0,1573,0.00018819372303008995,-0.0008118062769699104,-0.0007685720897940831,0.3954227590591227,-6.934790454649149
SOLUSDT,sig_funding_contra,holdout,30,2.0,499,0.0006577366344361177,-0.00034226336556388254,-0.00040369707811549384,0.4308617234468938,-1.8668492525644889
SOLUSDT,sig_funding_contra,selection,30,2.5,949,0.00018271083573420885,-0.0008172891642657915,-0.0006571820363386873,0.4077976817702845,-5.934642692509745
SOLUSDT,sig_funding_contra,holdout,30,2.5,105,0.0011160219284090628,0.00011602192840906238,-0.0008775560181216715,0.3619047619047619,0.26641650742983575
SOLUSDT,sig_funding_contra,selection,60,1.5,3009,0.00020976447620380697,-0.0007902355237961936,-0.0009247412982126271,0.4204054503157195,-6.263057103849373
SOLUSDT,sig_funding_contra,holdout,60,1.5,1847,0.0007980792282353818,-0.00020192077176461865,-0.0005304061986380884,0.44125609095831075,-1.58126612394586
SOLUSDT,sig_funding_contra,selection,60,2.0,1573,0.0004946315916596664,-0.0005053684083403342,-0.000792121401101852,0.42403051493960586,-3.16663442832843
SOLUSDT,sig_funding_contra,holdout,60,2.0,499,0.0011553294921371091,0.00015532949213710866,-0.00016716240333136591,0.47695390781563124,0.5621984754079762
SOLUSDT,sig_funding_contra,selection,60,2.5,949,0.0003840211692299892,-0.0006159788307700115,-0.0007634255973504303,0.44362486828240255,-3.3468305874269757
SOLUSDT,sig_funding_contra,holdout,60,2.5,105,0.0016729079138163392,0.0006729079138163387,-0.001,0.3523809523809524,0.9611524009488922
SOLUSDT,sig_flow_cont,selection,15,1.5,7013,-6.482446046581964e-06,-0.0010064824460465822,-0.0010401574170749708,0.3279623556252674,-21.663619534395632
SOLUSDT,sig_flow_cont,holdout,15,1.5,3652,-2.5744445663606776e-06,-0.001002574444566361,-0.001,0.29271631982475355,-20.485201601861238
SOLUSDT,sig_flow_cont,selection,15,2.0,2522,-1.9447479233995554e-05,-0.0010194474792339957,-0.0010436369462436526,0.3156225218080888,-14.065827226191663
SOLUSDT,sig_flow_cont,holdout,15,2.0,844,-0.0001571923445740818,-0.0011571923445740822,-0.0011127779216772984,0.27606635071090047,-13.058719052285904
SOLUSDT,sig_flow_cont,selection,15,2.5,833,-0.00015296576655362586,-0.0011529657665536263,-0.0012029715028010193,0.29891956782713086,-10.094767219948654
SOLUSDT,sig_flow_cont,holdout,15,2.5,63,0.00035754216324964126,-0.0006424578367503589,-0.0011248907206194972,0.2698412698412698,-1.9881365344179174
SOLUSDT,sig_flow_cont,selection,30,1.5,7013,-3.151171399983312e-05,-0.0010315117139998336,-0.0011109385400488439,0.36902894624269217,-16.380931701823588
SOLUSDT,sig_flow_cont,holdout,30,1.5,3652,1.723111843415921e-05,-0.0009827688815658411,-0.001,0.35323110624315446,-13.864185282979047
SOLUSDT,sig_flow_cont,selection,30,2.0,2522,-2.4027910214576276e-05,-0.0010240279102145765,-0.0010854606819581383,0.3636003172085646,-10.339419681533622
SOLUSDT,sig_flow_cont,holdout,30,2.0,844,-4.428069988160108e-05,-0.0010442806998816015,-0.0011181266622572452,0.3293838862559242,-8.035609156012061
SOLUSDT,sig_flow_cont,selection,30,2.5,833,-0.0002952013294329938,-0.0012952013294329943,-0.0011752971286330674,0.33013205282112845,-7.390779765495571
SOLUSDT,sig_flow_cont,holdout,30,2.5,63,0.0007315294917499341,-0.00026847050825006604,-0.0007174343034755939,0.4126984126984127,-0.6096390256471849
SOLUSDT,sig_flow_cont,selection,60,1.5,7013,-0.00017786421242060627,-0.001177864212420607,-0.0011353070116094646,0.4026807357764152,-13.178571825933899
SOLUSDT,sig_flow_cont,holdout,60,1.5,3650,-0.00011485351759218604,-0.0011148535175921868,-0.0011160900874711546,0.3868493150684931,-11.011954603728839
SOLUSDT,sig_flow_cont,selection,60,2.0,2522,-0.00025835920187811546,-0.0012583592018781161,-0.0010749638382158136,0.408406026962728,-8.956795193496612
SOLUSDT,sig_flow_cont,holdout,60,2.0,844,-0.00017187563534139415,-0.0011718756353413947,-0.0012285890548232583,0.36492890995260663,-5.87917053915949
SOLUSDT,sig_flow_cont,selection,60,2.5,833,-0.0003701407897464423,-0.0013701407897464429,-0.0010696160673885338,0.39015606242497,-5.874586317031496
SOLUSDT,sig_flow_cont,holdout,60,2.5,63,0.0010170145975542445,1.7014597554244465e-05,-0.0007668182348138366,0.42857142857142855,0.03347310560528511
SOLUSDT,sig_lead_follow,selection,15,1.5,5951,-6.872261929430191e-05,-0.0010687226192943023,-0.001,0.36313224668123006,-14.020660246803441
SOLUSDT,sig_lead_follow,holdout,15,1.5,3042,-0.00010650978821985907,-0.0011065097882198595,-0.0011166182042661168,0.30177514792899407,-15.325487646588432
SOLUSDT,sig_lead_follow,selection,15,2.0,2485,-0.00011130694590081428,-0.0011113069459008145,-0.001,0.3710261569416499,-8.336101157824496
SOLUSDT,sig_lead_follow,holdout,15,2.0,1426,-8.442609051620564e-05,-0.0010844260905162062,-0.001118976841628371,0.32538569424964936,-9.018528431378977
SOLUSDT,sig_lead_follow,selection,15,2.5,1117,-0.00010533011159112495,-0.0011053301115911253,-0.0009594188783376137,0.39659803043867503,-4.3968422878255575
SOLUSDT,sig_lead_follow,holdout,15,2.5,482,1.905513514039353e-05,-0.000980944864859607,-0.001,0.34024896265560167,-4.3024391270083
SOLUSDT,sig_lead_follow,selection,30,1.5,5951,-0.0001339545721264765,-0.001133954572126477,-0.001073896175873056,0.39304318601915644,-10.909157409057512
SOLUSDT,sig_lead_follow,holdout,30,1.5,3042,-0.00014100320418949174,-0.0011410032041894922,-0.0011179454015385329,0.35733070348454965,-11.684981652268595
SOLUSDT,sig_lead_follow,selection,30,2.0,2485,-0.00038811730993725137,-0.0013881173099372518,-0.0011704835605138566,0.39396378269617705,-7.643602446079573
SOLUSDT,sig_lead_follow,holdout,30,2.0,1426,-8.054120661324339e-05,-0.0010805412066132438,-0.001,0.3863955119214586,-6.771634093744303
SOLUSDT,sig_lead_follow,selection,30,2.5,1117,-0.0005189295572296895,-0.00151892955722969,-0.0011177163037081597,0.40017905102954343,-4.47106217380855
SOLUSDT,sig_lead_follow,holdout,30,2.5,482,8.743049582034966e-05,-0.0009125695041796507,-0.0008815280619590129,0.4190871369294606,-3.0144667098013826
SOLUSDT,sig_lead_follow,selection,60,1.5,5951,-4.574254256101083e-06,-0.0010045742542561017,-0.0010723405794480492,0.43068391866913125,-7.499552428656872
SOLUSDT,sig_lead_follow,holdout,60,1.5,3042,-0.0001399269288420777,-0.0011399269288420782,-0.0011155802126674432,0.3948060486522025,-8.157993028738423
SOLUSDT,sig_lead_follow,selection,60,2.0,2485,-7.93073830474897e-05,-0.0010793073830474905,-0.00112166436856198,0.4289738430583501,-4.6908017456985025
SOLUSDT,sig_lead_follow,holdout,60,2.0,1426,-6.73019264337986e-05,-0.0010673019264337991,-0.0011163114104766883,0.4067321178120617,-4.728502776523948
SOLUSDT,sig_lead_follow,selection,60,2.5,1117,-9.378037503285113e-05,-0.001093780375032852,-0.001176807302141646,0.4494180841539839,-2.900859725753017
SOLUSDT,sig_lead_follow,holdout,60,2.5,482,-2.3715576606638178e-05,-0.0010237155766066389,-0.0006792953267376048,0.44398340248962653,-2.4195862265402552
PENGUUSDT,sig_price_mr,selection,15,1.5,5561,0.002452062085489271,0.0014520620854892705,-0.001,0.4299586405322784,3.7797771027859777
PENGUUSDT,sig_price_mr,holdout,15,1.5,3457,0.0027762209191963495,0.0017762209191963486,-0.001,0.3960080995082441,14.674868532348253
PENGUUSDT,sig_price_mr,selection,15,2.0,3010,0.002802281780119917,0.001802281780119916,-0.001,0.45016611295681064,2.5779507449447596
PENGUUSDT,sig_price_mr,holdout,15,2.0,1752,0.0033666220432456723,0.002366622043245672,-0.001,0.4103881278538813,12.512604356522134
PENGUUSDT,sig_price_mr,selection,15,2.5,1657,0.0027624130670792332,0.0017624130670792328,-0.001,0.4496077248038624,1.3983914646610518
PENGUUSDT,sig_price_mr,holdout,15,2.5,855,0.0037473217777070716,0.0027473217777070707,-0.001,0.41403508771929826,9.010081310927221
PENGUUSDT,sig_price_mr,selection,30,1.5,5561,0.003302915542204425,0.002302915542204424,0.0007936273475416264,0.5308397770185218,4.698590578163985
PENGUUSDT,sig_price_mr,holdout,30,1.5,3457,0.003920860449915522,0.002920860449915522,0.0003919821826280376,0.5088226786230836,18.226357132379103
PENGUUSDT,sig_price_mr,selection,30,2.0,3010,0.0037680695688535764,0.002768069568853576,0.0015348480904174297,0.5504983388704319,3.110323045759428
PENGUUSDT,sig_price_mr,holdout,30,2.0,1752,0.0048434697587051885,0.003843469758705188,0.0012220850649439239,0.5371004566210046,15.871351791085994
PENGUUSDT,sig_price_mr,selection,30,2.5,1657,0.0035790857042573817,0.002579085704257381,0.0017777777777777679,0.5497887748943875,1.6128696884953257
PENGUUSDT,sig_price_mr,holdout,30,2.5,855,0.005506309215824678,0.004506309215824677,0.0014783147459725985,0.5380116959064327,11.84115186468499
PENGUUSDT,sig_price_mr,selection,60,1.5,5561,0.004230179330591012,0.0032301793305910113,0.0024216335540838694,0.579931666966373,6.112207341852064
PENGUUSDT,sig_price_mr,holdout,60,1.5,3457,0.0047172871712361855,0.0037172871712361855,0.0026608581051398303,0.5710153312120335,17.330340332629945
PENGUUSDT,sig_price_mr,selection,60,2.0,3010,0.004960121592902444,0.003960121592902443,0.0034363553634400032,0.6006644518272425,4.177827240204439
PENGUUSDT,sig_price_mr,holdout,60,2.0,1752,0.005386076869560257,0.004386076869560256,0.003634822075416156,0.5776255707762558,13.928893567368249
PENGUUSDT,sig_price_mr,selection,60,2.5,1657,0.005435486017217237,0.004435486017217235,0.004487736588643655,0.6083283041641521,2.61878366586829
PENGUUSDT,sig_price_mr,holdout,60,2.5,855,0.006437767662624806,0.005437767662624805,0.004188783395893126,0.5894736842105263,11.380484967271627
PENGUUSDT,sig_funding_contra,selection,15,1.5,2523,-4.056419626790415e-05,-0.0010405641962679046,-0.001,0.31827189853349186,-8.998524531310581
PENGUUSDT,sig_funding_contra,holdout,15,1.5,516,9.555369972310778e-07,-0.0009990444630027693,-0.001,0.2616279069767442,-5.029644701699384
PENGUUSDT,sig_funding_contra,selection,15,2.0,1545,-6.326333030169002e-05,-0.0010632633303016906,-0.001,0.3352750809061489,-7.007708642036466
PENGUUSDT,sig_funding_contra,holdout,15,2.0,192,0.00033749828041475016,-0.0006625017195852505,-0.001,0.3645833333333333,-1.6948000233954938
PENGUUSDT,sig_funding_contra,selection,15,2.5,1046,-2.4140579700935426e-06,-0.001002414057970094,-0.001,0.3565965583173996,-5.361881316997372
PENGUUSDT,sig_funding_contra,holdout,15,2.5,185,0.0002553906129268295,-0.0007446093870731711,-0.001,0.3567567567567568,-1.86854231343564
PENGUUSDT,sig_funding_contra,selection,30,1.5,2523,-7.420036628775034e-05,-0.0010742003662877508,-0.001,0.3915973047958779,-6.465508725330193
PENGUUSDT,sig_funding_contra,holdout,30,1.5,516,-3.5743399532585536e-05,-0.001035743399532586,-0.001,0.30426356589147285,-3.7590155143791337
PENGUUSDT,sig_funding_contra,selection,30,2.0,1545,-4.5619861304205784e-05,-0.0010456198613042066,-0.001,0.40388349514563104,-4.769444977049697
PENGUUSDT,sig_funding_contra,holdout,30,2.0,192,0.0004920680677390366,-0.0005079319322609642,-0.0012556241394657266,0.4270833333333333,-0.9175876374186935
PENGUUSDT,sig_funding_contra,selection,30,2.5,1046,-3.3631413813295374e-06,-0.0010033631413813302,-0.001,0.42638623326959846,-3.7119312084710163
PENGUUSDT,sig_funding_contra,holdout,30,2.5,185,0.00036079822085158356,-0.0006392017791484173,-0.0018232388568740756,0.41081081081081083,-1.120396874685354
PENGUUSDT,sig_funding_contra,selection,60,1.5,2523,-0.00013504028170503368,-0.0011350402817050347,-0.0013372681281619272,0.4181529924692826,-4.945440636942417
PENGUUSDT,sig_funding_contra,holdout,60,1.5,516,0.0002717230859892082,-0.0007282769140107926,-0.001,0.33527131782945735,-1.8443173765679008
PENGUUSDT,sig_funding_contra,selection,60,2.0,1545,-1.2253032331344834e-05,-0.0010122530323313458,-0.0016136582800035928,0.4168284789644013,-3.2764350913707596
PENGUUSDT,sig_funding_contra,holdout,60,2.0,192,0.0008491493584852766,-0.00015085064151472427,-0.0018724068032527899,0.421875,-0.188768517823975
PENGUUSDT,sig_funding_contra,selection,60,2.5,1046,-0.00024409253032318625,-0.0012440925303231869,-0.0017599868746164806,0.4196940726577438,-3.2307567025948942
PENGUUSDT,sig_funding_contra,holdout,60,2.5,185,0.0010234672321082427,2.3467232108241773e-05,-0.0016448284756255252,0.43243243243243246,0.028474688336409985
PENGUUSDT,sig_flow_cont,selection,15,1.5,1963,9.238662580035142e-05,-0.0009076133741996491,-0.001,0.3565970453387672,-6.88935325840349
PENGUUSDT,sig_flow_cont,holdout,15,1.5,472,0.0007055683759984761,-0.00029443162400152433,-0.001,0.4067796610169492,-1.0992320657503367
PENGUUSDT,sig_flow_cont,selection,15,2.0,266,0.0007315955064932447,-0.0002684044935067558,-0.001,0.3684210526315789,-0.8525283694394086
PENGUUSDT,sig_flow_cont,holdout,15,2.0,30,0.0014621533047526078,0.0004621533047526073,-0.00021045076083836458,0.5,0.41838952944302016
PENGUUSDT,sig_flow_cont,selection,15,2.5,32,0.0015545533743648171,0.0005545533743648171,-0.00047173179371312515,0.4375,0.7868731142949149
PENGUUSDT,sig_flow_cont,selection,30,1.5,1963,-0.00010227592131684303,-0.0011022759213168436,-0.001,0.3998981151299032,-6.061120301971486
PENGUUSDT,sig_flow_cont,holdout,30,1.5,472,0.0006193316823855379,-0.0003806683176144628,-0.001,0.4300847457627119,-1.027399807774063
PENGUUSDT,sig_flow_cont,selection,30,2.0,266,0.0007585143329467191,-0.00024148566705328142,-0.001,0.40601503759398494,-0.5620628411474143
PENGUUSDT,sig_flow_cont,holdout,30,2.0,30,0.0022912077659483516,0.0012912077659483513,-0.0009286529680365132,0.43333333333333335,0.7490782235990457
PENGUUSDT,sig_flow_cont,selection,30,2.5,32,0.0014629761067814079,0.00046297610678140754,0.0005412450314346571,0.5625,0.42244902716385657
PENGUUSDT,sig_flow_cont,selection,60,1.5,1963,-0.0009473813281848162,-0.0019473813281848168,-0.001,0.4396332144676516,-3.737915022993854
PENGUUSDT,sig_flow_cont,holdout,60,1.5,472,0.0006596868042460191,-0.0003403131957539817,-0.000640506415410135,0.4597457627118644,-0.670473767398482
PENGUUSDT,sig_flow_cont,selection,60,2.0,266,0.0014554719344886712,0.00045547193448867046,-0.00027033013409777287,0.49624060150375937,0.6310886496338106
PENGUUSDT,sig_flow_cont,holdout,60,2.0,30,0.003261292598242845,0.0022612925982428444,0.0014692804821627723,0.5666666666666667,1.2956669072750122
PENGUUSDT,sig_flow_cont,selection,60,2.5,32,0.0014817380739108217,0.0004817380739108208,0.002403833443489823,0.5625,0.1813697967873467
PENGUUSDT,sig_lead_follow,selection,15,1.5,5559,0.0013876129896955964,0.00038761298969559595,-0.001,0.40384961323979135,0.9729843201024366
PENGUUSDT,sig_lead_follow,holdout,15,1.5,3320,0.0014838378003315658,0.00048383780033156543,-0.001,0.3849397590361446,3.991683683975166
PENGUUSDT,sig_lead_follow,selection,15,2.0,2749,0.0014737553978957712,0.0004737553978957706,-0.001,0.4096034921789742,0.5963650137055383
PENGUUSDT,sig_lead_follow,holdout,15,2.0,1623,0.0016805438641219886,0.0006805438641219882,-0.001,0.38878619839802836,3.7449278379590236
PENGUUSDT,sig_lead_follow,selection,15,2.5,1444,0.001994286711051937,0.000994286711051937,-0.001,0.4203601108033241,0.7101456921103496
PENGUUSDT,sig_lead_follow,holdout,15,2.5,799,0.0016313614863562229,0.0006313614863562225,-0.001,0.3867334167709637,2.384882178394109
PENGUUSDT,sig_lead_follow,selection,30,1.5,5559,0.0014944591611246137,0.0004944591611246132,-0.0005477159656264155,0.48048210109731965,0.9995823710725054
PENGUUSDT,sig_lead_follow,holdout,30,1.5,3320,0.0018538692454026693,0.0008538692454026688,-0.0006820685660587902,0.4746987951807229,5.161500667440377
PENGUUSDT,sig_lead_follow,selection,30,2.0,2749,0.001518039818892602,0.000518039818892601,-5.7331390864611385e-05,0.4972717351764278,0.5269072136808785
PENGUUSDT,sig_lead_follow,holdout,30,2.0,1623,0.002237306018568512,0.0012373060185685112,-0.00016274201988475314,0.4953789279112754,5.030120452943367
PENGUUSDT,sig_lead_follow,selection,30,2.5,1444,0.001709750774962711,0.0007097507749627101,0.00029681659155567173,0.5110803324099723,0.39028347400511815
PENGUUSDT,sig_lead_follow,holdout,30,2.5,799,0.0021188192878718246,0.0011188192878718239,-0.0004310908832314544,0.48685857321652065,3.1100820412523342
PENGUUSDT,sig_lead_follow,selection,60,1.5,5559,0.001739577117622526,0.0007395771176225253,0.00043757602565530716,0.5135815794207591,1.3728738280658068
PENGUUSDT,sig_lead_follow,holdout,60,1.5,3320,0.002183849408117147,0.0011838494081171465,0.0004551501922877019,0.5132530120481927,5.348333634548513
PENGUUSDT,sig_lead_follow,selection,60,2.0,2749,0.002013141692161894,0.0010131416921618935,0.0006434754026515286,0.5205529283375773,0.958336478526613
PENGUUSDT,sig_lead_follow,holdout,60,2.0,1623,0.002685467680728549,0.001685467680728548,0.0006393442622950616,0.5255699322242761,5.216786357709521
PENGUUSDT,sig_lead_follow,selection,60,2.5,1444,0.0027433570510548553,0.0017433570510548553,0.001368804664723001,0.5394736842105263,0.886507632016872
PENGUUSDT,sig_lead_follow,holdout,60,2.5,799,0.002184050404863649,0.001184050404863648,0.0004413375612569723,0.5131414267834794,2.4781294972540837
