execution_price,delay_minutes,cost_bps_per_side_per_venue,volume_quantile_filter,active_bar_ratio,total_return,cagr,max_drawdown,sharpe,average_month,median_month,best_month,worst_month,positive_month_ratio,positive_week_ratio,best_week,worst_week,weeks
bar_open,5,5,0.0,0.14102564102564102,1.975297703381063,78.56073206425229,-0.06842321041187183,8.118700559002873,0.4430982529005935,0.4059251454746253,0.6040447264160695,0.3193248868110856,1.0,0.9285714285714286,0.1910844973843009,-0.006392325669901777,14
bar_open,5,5,0.1,0.14102564102564102,1.975297703381063,78.56073206425229,-0.06842321041187183,8.118700559002873,0.4430982529005935,0.4059251454746253,0.6040447264160695,0.3193248868110856,1.0,0.9285714285714286,0.1910844973843009,-0.006392325669901777,14
bar_open,5,5,0.25,0.14102564102564102,1.975297703381063,78.56073206425229,-0.06842321041187183,8.118700559002873,0.4430982529005935,0.4059251454746253,0.6040447264160695,0.3193248868110856,1.0,0.9285714285714286,0.1910844973843009,-0.006392325669901777,14
bar_open,5,5,0.5,0.028083028083028084,0.1142091396626328,0.5435446852359622,-0.04497000713918753,1.698651229034741,0.036730203883968006,0.04058490715481544,0.04281558359238824,0.026790120904700343,1.0,0.5714285714285714,0.030992315617502708,-0.011070912955464363,14
bar_open,5,10,0.0,0.14102564102564102,0.6032835136221497,5.651028081236968,-0.11255733317620553,3.6606936339551917,0.17485454142971757,0.19560914755001835,0.2870780261122856,0.04187645062684875,1.0,0.9285714285714286,0.07335223808988567,-0.02998414802615046,14
bar_open,5,10,0.1,0.14102564102564102,0.6032835136221497,5.651028081236968,-0.11255733317620553,3.6606936339551917,0.17485454142971757,0.19560914755001835,0.2870780261122856,0.04187645062684875,1.0,0.9285714285714286,0.07335223808988567,-0.02998414802615046,14
bar_open,5,10,0.25,0.14102564102564102,0.6032835136221497,5.651028081236968,-0.11255733317620553,3.6606936339551917,0.17485454142971757,0.19560914755001835,0.2870780261122856,0.04187645062684875,1.0,0.9285714285714286,0.07335223808988567,-0.02998414802615046,14
bar_open,5,10,0.5,0.028083028083028084,-0.005925066251130762,-0.023571055600472124,-0.08113257068484547,0.05426473656548998,-0.0019616438333349326,-0.0036179199432663234,0.005923190743447826,-0.0081902023001863,0.3333333333333333,0.2857142857142857,0.020717925350391297,-0.02402028361946329,14
bar_open,5,20,0.0,0.14102564102564102,-0.5353105320247846,-0.9538652254180175,-0.567279594059387,-5.0397787957696085,-0.21945206192895927,-0.17187830817518457,-0.13576517350091377,-0.3507127041107795,0.0,0.14285714285714285,0.013802990546477156,-0.15187412756210394,14
bar_open,5,20,0.1,0.14102564102564102,-0.5353105320247846,-0.9538652254180175,-0.567279594059387,-5.0397787957696085,-0.21945206192895927,-0.17187830817518457,-0.13576517350091377,-0.3507127041107795,0.0,0.14285714285714285,0.013802990546477156,-0.15187412756210394,14
bar_open,5,20,0.25,0.14102564102564102,-0.5353105320247846,-0.9538652254180175,-0.567279594059387,-5.0397787957696085,-0.21945206192895927,-0.17187830817518457,-0.13576517350091377,-0.3507127041107795,0.0,0.14285714285714285,0.013802990546477156,-0.15187412756210394,14
bar_open,5,20,0.5,0.028083028083028084,-0.20900283523140362,-0.6098016611279495,-0.23349541717142308,-3.1382625047414026,-0.07501885238168533,-0.0640936260792756,-0.061844030358367275,-0.09911890070741314,0.0,0.2857142857142857,0.008012209114936164,-0.08094923205237836,14
bar_open,5,50,0.0,0.14102564102564102,-0.9888538999818748,-0.9999999855000196,-0.9889154420011704,-24.97175826831681,-0.7664050241151908,-0.7805942728400931,-0.6748700887903442,-0.8437507107151353,0.0,0.0,-0.022229610840061587,-0.5712941370627564,14
bar_open,5,50,0.1,0.14102564102564102,-0.9888538999818748,-0.9999999855000196,-0.9889154420011704,-24.97175826831681,-0.7664050241151908,-0.7805942728400931,-0.6748700887903442,-0.8437507107151353,0.0,0.0,-0.022229610840061587,-0.5712941370627564,14
bar_open,5,50,0.25,0.14102564102564102,-0.9888538999818748,-0.9999999855000196,-0.9889154420011704,-24.97175826831681,-0.7664050241151908,-0.7805942728400931,-0.6748700887903442,-0.8437507107151353,0.0,0.0,-0.022229610840061587,-0.5712941370627564,14
bar_open,5,50,0.5,0.028083028083028084,-0.602586091062218,-0.9753733141683664,-0.602586091062218,-10.684110944223308,-0.26333724064305825,-0.24689309127754122,-0.21746091598783468,-0.3256577146637988,0.0,0.0,0.0,-0.23313236171964846,14
bar_open,10,5,0.0,0.13797313797313798,0.42241081892945465,3.1136336945054532,-0.11448273151885069,2.939328208633995,0.13004179014112174,0.13371905484146507,0.263114252192155,-0.006707936610254817,0.6666666666666666,0.7142857142857143,0.07396709287773162,-0.03766878246682792,14
bar_open,10,5,0.1,0.13797313797313798,0.42241081892945465,3.1136336945054532,-0.11448273151885069,2.939328208633995,0.13004179014112174,0.13371905484146507,0.263114252192155,-0.006707936610254817,0.6666666666666666,0.7142857142857143,0.07396709287773162,-0.03766878246682792,14
bar_open,10,5,0.25,0.13797313797313798,0.42241081892945465,3.1136336945054532,-0.11448273151885069,2.939328208633995,0.13004179014112174,0.13371905484146507,0.263114252192155,-0.006707936610254817,0.6666666666666666,0.7142857142857143,0.07396709287773162,-0.03766878246682792,14
bar_open,10,5,0.5,0.027472527472527472,0.0041436814083173346,0.01673642507496731,-0.07286531721572498,0.19428358031862933,0.0020915847148107827,0.005893022187228647,0.046243668896633006,-0.045861936939429304,0.6666666666666666,0.35714285714285715,0.029681257051204613,-0.0484148716988938,14
bar_open,10,10,0.0,0.13797313797313798,-0.22608596011748472,-0.6425420927841454,-0.37659525123583415,-1.662422194850064,-0.07633962022351577,-0.03601012829912453,0.019601324270599463,-0.21261005664202226,0.3333333333333333,0.5714285714285714,0.0383992716568593,-0.12065677514635231,14
bar_open,10,10,0.1,0.13797313797313798,-0.22608596011748472,-0.6425420927841454,-0.37659525123583415,-1.662422194850064,-0.07633962022351577,-0.03601012829912453,0.019601324270599463,-0.21261005664202226,0.3333333333333333,0.5714285714285714,0.0383992716568593,-0.12065677514635231,14
bar_open,10,10,0.25,0.13797313797313798,-0.22608596011748472,-0.6425420927841454,-0.37659525123583415,-1.662422194850064,-0.07633962022351577,-0.03601012829912453,0.019601324270599463,-0.21261005664202226,0.3333333333333333,0.5714285714285714,0.0383992716568593,-0.12065677514635231,14
bar_open,10,10,0.5,0.027472527472527472,-0.10239127613621113,-0.35181844856900424,-0.15255508421387542,-1.5050294843600351,-0.03441932028738589,-0.029744468188657502,0.015314913666472085,-0.08882840633997224,0.3333333333333333,0.35714285714285715,0.019432986907409466,-0.07475735011507523,14
bar_open,10,20,0.0,0.13797313797313798,-0.771317514680072,-0.9973206359171182,-0.774462569195242,-10.373497444221217,-0.3816692900923124,-0.33606406839263325,-0.3033820920358672,-0.5055617098484366,0.0,0.0,-0.003045185947184059,-0.2659795158855546,14
bar_open,10,20,0.1,0.13797313797313798,-0.771317514680072,-0.9973206359171182,-0.774462569195242,-10.373497444221217,-0.3816692900923124,-0.33606406839263325,-0.3033820920358672,-0.5055617098484366,0.0,0.0,-0.003045185947184059,-0.2659795158855546,14
bar_open,10,20,0.25,0.13797313797313798,-0.771317514680072,-0.9973206359171182,-0.774462569195242,-10.373497444221217,-0.3816692900923124,-0.33606406839263325,-0.3033820920358672,-0.5055617098484366,0.0,0.0,-0.003045185947184059,-0.2659795158855546,14
bar_open,10,20,0.5,0.027472527472527472,-0.2829938225400881,-0.7369217849157463,-0.3010076848402088,-4.729536876931372,-0.10348218466449281,-0.097374453325899,-0.04391294336826845,-0.16915915729931097,0.0,0.07142857142857142,0.0008722930271636287,-0.12534878149324058,14
bar_open,10,50,0.0,0.13797313797313798,-0.9941862876301933,-0.9999999989364358,-0.9942038258101152,-28.941291757262185,-0.811344580507959,-0.8176263198691289,-0.7381480647994565,-0.8782593568552914,0.0,0.0,-0.03850252397483911,-0.6224638596568369,14
bar_open,10,50,0.1,0.13797313797313798,-0.9941862876301933,-0.9999999989364358,-0.9942038258101152,-28.941291757262185,-0.811344580507959,-0.8176263198691289,-0.7381480647994565,-0.8782593568552914,0.0,0.0,-0.03850252397483911,-0.6224638596568369,14
bar_open,10,50,0.25,0.13797313797313798,-0.9941862876301933,-0.9999999989364358,-0.9942038258101152,-28.941291757262185,-0.811344580507959,-0.8176263198691289,-0.7381480647994565,-0.8782593568552914,0.0,0.0,-0.03850252397483911,-0.6224638596568369,14
bar_open,10,50,0.5,0.027472527472527472,-0.6355393190080763,-0.9826013996662891,-0.6355393190080763,-11.925134329534322,-0.28231688562821033,-0.273906659282131,-0.2022401174533346,-0.37080388014916543,0.0,0.0,0.0,-0.2616248994187358,14
bar_open,15,5,0.0,0.13522588522588522,0.0630173848432467,0.27799777828016814,-0.12528751754061707,0.7346919795829401,0.024310209204821076,0.03784537730191251,0.12308357505844447,-0.08799832474589375,0.6666666666666666,0.6428571428571429,0.06884644174219456,-0.041957468178863366,14
bar_open,15,5,0.1,0.13522588522588522,0.0630173848432467,0.27799777828016814,-0.12528751754061707,0.7346919795829401,0.024310209204821076,0.03784537730191251,0.12308357505844447,-0.08799832474589375,0.6666666666666666,0.6428571428571429,0.06884644174219456,-0.041957468178863366,14
bar_open,15,5,0.25,0.13522588522588522,0.0630173848432467,0.27799777828016814,-0.12528751754061707,0.7346919795829401,0.024310209204821076,0.03784537730191251,0.12308357505844447,-0.08799832474589375,0.6666666666666666,0.6428571428571429,0.06884644174219456,-0.041957468178863366,14
bar_open,15,5,0.5,0.027167277167277168,0.0021684697516271,0.008732481828249483,-0.08469693954544966,0.16029830211537785,0.0019611874541993757,-0.004681393210427931,0.06619864523597374,-0.05563368966294768,0.3333333333333333,0.35714285714285715,0.05141279828575618,-0.025834168887793885,14
bar_open,15,10,0.0,0.13522588522588522,-0.41464935234559386,-0.8834710166001013,-0.4464102534812131,-3.9024539896909993,-0.15932130573590295,-0.11400307427582346,-0.08985500020122184,-0.2741058427306635,0.0,0.21428571428571427,0.044491173861507693,-0.10477844811611481,14
bar_open,15,10,0.1,0.13522588522588522,-0.41464935234559386,-0.8834710166001013,-0.4464102534812131,-3.9024539896909993,-0.15932130573590295,-0.11400307427582346,-0.08985500020122184,-0.2741058427306635,0.0,0.21428571428571427,0.044491173861507693,-0.10477844811611481,14
bar_open,15,10,0.25,0.13522588522588522,-0.41464935234559386,-0.8834710166001013,-0.4464102534812131,-3.9024539896909993,-0.15932130573590295,-0.11400307427582346,-0.08985500020122184,-0.2741058427306635,0.0,0.21428571428571427,0.044491173861507693,-0.10477844811611481,14
bar_open,15,10,0.5,0.027167277167277168,-0.10232197706536239,-0.35161756105564246,-0.16607918254008536,-1.5807104301087613,-0.03391196045917266,-0.034142654274245565,0.030533918824412698,-0.09812714592768512,0.3333333333333333,0.21428571428571427,0.02236691024448878,-0.04163287787618175,14
bar_open,15,20,0.0,0.13522588522588522,-0.8228308759797319,-0.9990381381535507,-0.8246468515159466,-12.600064688200533,-0.4325677553920612,-0.40264439302552835,-0.35460642121506336,-0.5404524519355918,0.0,0.0,-0.002544524265763126,-0.25090953730338283,14
bar_open,15,20,0.1,0.13522588522588522,-0.8228308759797319,-0.9990381381535507,-0.8246468515159466,-12.600064688200533,-0.4325677553920612,-0.40264439302552835,-0.35460642121506336,-0.5404524519355918,0.0,0.0,-0.002544524265763126,-0.25090953730338283,14
bar_open,15,20,0.25,0.13522588522588522,-0.8228308759797319,-0.9990381381535507,-0.8246468515159466,-12.600064688200533,-0.4325677553920612,-0.40264439302552835,-0.35460642121506336,-0.5404524519355918,0.0,0.0,-0.002544524265763126,-0.25090953730338283,14
bar_open,15,20,0.5,0.027167277167277168,-0.2799934233410547,-0.7324750202531294,-0.31065512638555826,-4.8968451967403785,-0.10182993672049423,-0.09055709038833071,-0.037354938784581515,-0.17757778098857047,0.0,0.0,0.0,-0.0939239167581899,14
bar_open,15,50,0.0,0.13522588522588522,-0.9951579437112092,-0.9999999994895352,-0.9951579437112092,-30.641116713589387,-0.8225012646567215,-0.8319690053991134,-0.7514931507495837,-0.8840416378214673,0.0,0.0,-0.03795480053796918,-0.607405353347808,14
bar_open,15,50,0.1,0.13522588522588522,-0.9951579437112092,-0.9999999994895352,-0.9951579437112092,-30.641116713589387,-0.8225012646567215,-0.8319690053991134,-0.7514931507495837,-0.8840416378214673,0.0,0.0,-0.03795480053796918,-0.607405353347808,14
bar_open,15,50,0.25,0.13522588522588522,-0.9951579437112092,-0.9999999994895352,-0.9951579437112092,-30.641116713589387,-0.8225012646567215,-0.8319690053991134,-0.7514931507495837,-0.8840416378214673,0.0,0.0,-0.03795480053796918,-0.607405353347808,14
bar_open,15,50,0.5,0.027167277167277168,-0.6294674604375665,-0.98140840454711,-0.6294674604375665,-12.255122359307137,-0.2781247894923996,-0.24134083165499298,-0.2159924041554946,-0.37704113266671124,0.0,0.0,0.0,-0.2348112085071573,14
bar_open,30,5,0.0,0.12698412698412698,-0.20964988466093837,-0.611081272107713,-0.3035068063935237,-1.8235076925992804,-0.07080141153612966,-0.0696104174092731,0.041831714935456565,-0.18462553213457245,0.3333333333333333,0.35714285714285715,0.04591506297114689,-0.06258649391070525,14
bar_open,30,5,0.1,0.12698412698412698,-0.20964988466093837,-0.611081272107713,-0.3035068063935237,-1.8235076925992804,-0.07080141153612966,-0.0696104174092731,0.041831714935456565,-0.18462553213457245,0.3333333333333333,0.35714285714285715,0.04591506297114689,-0.06258649391070525,14
bar_open,30,5,0.25,0.12698412698412698,-0.20964988466093837,-0.611081272107713,-0.3035068063935237,-1.8235076925992804,-0.07080141153612966,-0.0696104174092731,0.041831714935456565,-0.18462553213457245,0.3333333333333333,0.35714285714285715,0.04591506297114689,-0.06258649391070525,14
bar_open,30,5,0.5,0.025793650793650792,-0.07868178748809684,-0.28031194239158796,-0.09054123887418575,-1.3282177797989212,-0.026893774531770814,-0.024108443208231134,-0.016089411626381223,-0.04048346876070008,0.0,0.14285714285714285,0.0052380371992497565,-0.02750224182005112,14
bar_open,30,10,0.0,0.12698412698412698,-0.5479972830722459,-0.9587167109115803,-0.5722128808930274,-6.597893951411601,-0.2272920470276046,-0.19776025321671076,-0.1369381141762369,-0.34717777368986613,0.0,0.07142857142857142,0.019047191448587686,-0.14346654687634897,14
bar_open,30,10,0.1,0.12698412698412698,-0.5479972830722459,-0.9587167109115803,-0.5722128808930274,-6.597893951411601,-0.2272920470276046,-0.19776025321671076,-0.1369381141762369,-0.34717777368986613,0.0,0.07142857142857142,0.019047191448587686,-0.14346654687634897,14
bar_open,30,10,0.25,0.12698412698412698,-0.5479972830722459,-0.9587167109115803,-0.5722128808930274,-6.597893951411601,-0.2272920470276046,-0.19776025321671076,-0.1369381141762369,-0.34717777368986613,0.0,0.07142857142857142,0.019047191448587686,-0.14346654687634897,14
bar_open,30,10,0.5,0.025793650793650792,-0.16976607253105402,-0.5261077035655701,-0.1771433849605386,-3.135529001886896,-0.0599991681374901,-0.05296981611121354,-0.04520293649168361,-0.08182475180957316,0.0,0.07142857142857142,0.0031740247836622437,-0.04197784807241489,14
bar_open,30,20,0.0,0.12698412698412698,-0.8524110637492281,-0.9995379660903638,-0.8538949561029777,-15.325692906541526,-0.4645527479060514,-0.4080505001181838,-0.4038038254131262,-0.5818039181868442,0.0,0.0,-0.016781832104057592,-0.28782043141300984,14
bar_open,30,20,0.1,0.12698412698412698,-0.8524110637492281,-0.9995379660903638,-0.8538949561029777,-15.325692906541526,-0.4645527479060514,-0.4080505001181838,-0.4038038254131262,-0.5818039181868442,0.0,0.0,-0.016781832104057592,-0.28782043141300984,14
bar_open,30,20,0.25,0.12698412698412698,-0.8524110637492281,-0.9995379660903638,-0.8538949561029777,-15.325692906541526,-0.4645527479060514,-0.4080505001181838,-0.4038038254131262,-0.5818039181868442,0.0,0.0,-0.016781832104057592,-0.28782043141300984,14
bar_open,30,20,0.5,0.025793650793650792,-0.32602135816012545,-0.7947871599706063,-0.329325882590247,-6.524554907354853,-0.12284726404205877,-0.10823764261246094,-0.1009523526459204,-0.159351796867795,0.0,0.0,0.0,-0.09064385237683625,14
bar_open,30,50,0.0,0.12698412698412698,-0.9949310920298156,-0.9999999993865485,-0.9949328125756915,-32.20870660335024,-0.8189014735527773,-0.809877791125642,-0.7561708945176464,-0.8906557350150435,0.0,0.0,-0.05178276559922623,-0.5915342089372173,14
bar_open,30,50,0.1,0.12698412698412698,-0.9949310920298156,-0.9999999993865485,-0.9949328125756915,-32.20870660335024,-0.8189014735527773,-0.809877791125642,-0.7561708945176464,-0.8906557350150435,0.0,0.0,-0.05178276559922623,-0.5915342089372173,14
bar_open,30,50,0.25,0.12698412698412698,-0.9949310920298156,-0.9999999993865485,-0.9949328125756915,-32.20870660335024,-0.8189014735527773,-0.809877791125642,-0.7561708945176464,-0.8906557350150435,0.0,0.0,-0.05178276559922623,-0.5915342089372173,14
bar_open,30,50,0.5,0.025793650793650792,-0.6403428824529158,-0.9835037135664826,-0.6403428824529158,-13.616655137045928,-0.28714813885735363,-0.25597155796568516,-0.2499646361998219,-0.3555082224065539,0.0,0.0,0.0,-0.22279481256303946,14
next_close,5,5,0.0,0.14102564102564102,1.5123738698352098,39.3546894300788,-0.07455293886547076,7.23006615901758,0.36654256973369986,0.3747965102778392,0.531899581768229,0.19293161715503127,1.0,0.9285714285714286,0.17661614198444986,-0.03277554218875689,14
next_close,5,5,0.1,0.14102564102564102,1.5123738698352098,39.3546894300788,-0.07455293886547076,7.23006615901758,0.36654256973369986,0.3747965102778392,0.531899581768229,0.19293161715503127,1.0,0.9285714285714286,0.17661614198444986,-0.03277554218875689,14
next_close,5,5,0.25,0.14102564102564102,1.5123738698352098,39.3546894300788,-0.07455293886547076,7.23006615901758,0.36654256973369986,0.3747965102778392,0.531899581768229,0.19293161715503127,1.0,0.9285714285714286,0.17661614198444986,-0.03277554218875689,14
next_close,5,5,0.5,0.028083028083028084,0.10401089920878692,0.4876142119177622,-0.045737297415612166,1.6954209968751606,0.03419429731731057,0.05973110632240797,0.06050101937130137,-0.017649233741777626,0.6666666666666666,0.5714285714285714,0.03812081706413095,-0.01680836223407678,14
next_close,5,10,0.0,0.14102564102564102,0.3538222920464389,2.37344752279311,-0.13999451949483943,2.5463111027677034,0.1134616551178741,0.16916082763978313,0.22917379395915605,-0.057949656245316894,0.6666666666666666,0.7857142857142857,0.07946957745424332,-0.05574616039412772,14
next_close,5,10,0.1,0.14102564102564102,0.3538222920464389,2.37344752279311,-0.13999451949483943,2.5463111027677034,0.1134616551178741,0.16916082763978313,0.22917379395915605,-0.057949656245316894,0.6666666666666666,0.7857142857142857,0.07946957745424332,-0.05574616039412772,14
next_close,5,10,0.25,0.14102564102564102,0.3538222920464389,2.37344752279311,-0.13999451949483943,2.5463111027677034,0.1134616551178741,0.16916082763978313,0.22917379395915605,-0.057949656245316894,0.6666666666666666,0.7857142857142857,0.07946957745424332,-0.05574616039412772,14
next_close,5,10,0.5,0.028083028083028084,-0.014958201350044886,-0.058700719115926114,-0.08736998051235245,-0.11218957904085494,-0.0040962939686182516,0.022278431405361232,0.029155005009024793,-0.06372231832024078,0.6666666666666666,0.35714285714285715,0.027797685964260133,-0.045892329687039046,14
next_close,5,20,0.0,0.14102564102564102,-0.6076179481889595,-0.9766012104534271,-0.6258810995892059,-6.540353718542318,-0.2589808166257053,-0.20915435002504035,-0.15484872499514635,-0.41293937485692933,0.0,0.21428571428571427,0.009080069664595625,-0.162180878720252,14
next_close,5,20,0.1,0.14102564102564102,-0.6076179481889595,-0.9766012104534271,-0.6258810995892059,-6.540353718542318,-0.2589808166257053,-0.20915435002504035,-0.15484872499514635,-0.41293937485692933,0.0,0.21428571428571427,0.009080069664595625,-0.162180878720252,14
next_close,5,20,0.25,0.14102564102564102,-0.6076179481889595,-0.9766012104534271,-0.6258810995892059,-6.540353718542318,-0.2589808166257053,-0.20915435002504035,-0.15484872499514635,-0.41293937485692933,0.0,0.21428571428571427,0.009080069664595625,-0.162180878720252,14
next_close,5,20,0.5,0.028083028083028084,-0.21608599740250767,-0.623638545645106,-0.25035914305545093,-3.6382772918396356,-0.07642930648202266,-0.048805579793491316,-0.030872249472384317,-0.14961009018019233,0.0,0.21428571428571427,0.011377748950011757,-0.10158584569751283,14
next_close,5,50,0.0,0.14102564102564102,-0.9905886046244665,-0.9999999926468859,-0.9906150481992568,-26.740538468648893,-0.7770778438678305,-0.7904861581358938,-0.682010326805915,-0.8587370466616828,0.0,0.0,-0.02674655591255004,-0.5765084172689798,14
next_close,5,50,0.1,0.14102564102564102,-0.9905886046244665,-0.9999999926468859,-0.9906150481992568,-26.740538468648893,-0.7770778438678305,-0.7904861581358938,-0.682010326805915,-0.8587370466616828,0.0,0.0,-0.02674655591255004,-0.5765084172689798,14
next_close,5,50,0.25,0.14102564102564102,-0.9905886046244665,-0.9999999926468859,-0.9906150481992568,-26.740538468648893,-0.7770778438678305,-0.7904861581358938,-0.682010326805915,-0.8587370466616828,0.0,0.0,-0.02674655591255004,-0.5765084172689798,14
next_close,5,50,0.5,0.028083028083028084,-0.6059858297670442,-0.9762080927343225,-0.6059858297670442,-11.769240659149606,-0.2631075208826737,-0.23441778496115973,-0.19133887641450087,-0.36356590127236044,0.0,0.0,0.0,-0.25045365433874744,14
next_close,10,5,0.0,0.13797313797313798,0.25346174270484556,1.4763215607351623,-0.16069073740161632,2.076869115086889,0.08594856220142266,0.10191270593637647,0.23442430505745615,-0.07849132438956463,0.6666666666666666,0.7857142857142857,0.0809633186544354,-0.07181010186716619,14
next_close,10,5,0.1,0.13797313797313798,0.25346174270484556,1.4763215607351623,-0.16069073740161632,2.076869115086889,0.08594856220142266,0.10191270593637647,0.23442430505745615,-0.07849132438956463,0.6666666666666666,0.7857142857142857,0.0809633186544354,-0.07181010186716619,14
next_close,10,5,0.25,0.13797313797313798,0.25346174270484556,1.4763215607351623,-0.16069073740161632,2.076869115086889,0.08594856220142266,0.10191270593637647,0.23442430505745615,-0.07849132438956463,0.6666666666666666,0.7857142857142857,0.0809633186544354,-0.07181010186716619,14
next_close,10,5,0.5,0.027472527472527472,-0.059427516290499915,-0.2180130389859265,-0.11330951553587221,-0.8952630382367412,-0.019822887882244844,-0.024265020054307196,0.016208142410905513,-0.05141178600333285,0.3333333333333333,0.42857142857142855,0.019314687966960342,-0.042361959900206636,14
next_close,10,10,0.0,0.13797313797313798,-0.318021537377253,-0.7848339192753676,-0.44887966011508396,-2.8178852969331967,-0.11204897949116044,-0.06306430997564882,-0.0035786346739682395,-0.26950399382386425,0.0,0.42857142857142855,0.04901958832248887,-0.15182973216107143,14
next_close,10,10,0.1,0.13797313797313798,-0.318021537377253,-0.7848339192753676,-0.44887966011508396,-2.8178852969331967,-0.11204897949116044,-0.06306430997564882,-0.0035786346739682395,-0.26950399382386425,0.0,0.42857142857142855,0.04901958832248887,-0.15182973216107143,14
next_close,10,10,0.25,0.13797313797313798,-0.318021537377253,-0.7848339192753676,-0.44887966011508396,-2.8178852969331967,-0.11204897949116044,-0.06306430997564882,-0.0035786346739682395,-0.26950399382386425,0.0,0.42857142857142855,0.04901958832248887,-0.15182973216107143,14
next_close,10,10,0.5,0.027472527472527472,-0.1592442545649878,-0.5015368207042674,-0.19944592365435976,-2.71860857333031,-0.055608810122618056,-0.05884739325502675,-0.013862209810614146,-0.09411682730221327,0.0,0.2857142857142857,0.009164498829427714,-0.06885122472405625,14
next_close,10,20,0.0,0.13797313797313798,-0.7984909364422829,-0.9983874418102775,-0.8018896814768406,-11.983863624805768,-0.40513615845221346,-0.3511857474046296,-0.3229463984339006,-0.5412763295181102,0.0,0.0,-0.003820232257143563,-0.29196032112491455,14
next_close,10,20,0.1,0.13797313797313798,-0.7984909364422829,-0.9983874418102775,-0.8018896814768406,-11.983863624805768,-0.40513615845221346,-0.3511857474046296,-0.3229463984339006,-0.5412763295181102,0.0,0.0,-0.003820232257143563,-0.29196032112491455,14
next_close,10,20,0.25,0.13797313797313798,-0.7984909364422829,-0.9983874418102775,-0.8018896814768406,-11.983863624805768,-0.40513615845221346,-0.3511857474046296,-0.3229463984339006,-0.5412763295181102,0.0,0.0,-0.003820232257143563,-0.29196032112491455,14
next_close,10,20,0.5,0.027472527472527472,-0.3284500297382503,-0.7977392769769949,-0.34762951372693696,-6.106111554595017,-0.12329258369959965,-0.12447370884537623,-0.07144375485191712,-0.1739602874015056,0.0,0.0,0.0,-0.11972619971174847,14
next_close,10,50,0.0,0.13797313797313798,-0.9948776874449397,-0.9999999993601913,-0.9949116898939291,-30.71134017893998,-0.8181216883628807,-0.8218028997840754,-0.745517861521175,-0.8870443037833917,0.0,0.0,-0.03924504108061189,-0.631933135436854,14
next_close,10,50,0.1,0.13797313797313798,-0.9948776874449397,-0.9999999993601913,-0.9949116898939291,-30.71134017893998,-0.8181216883628807,-0.8218028997840754,-0.745517861521175,-0.8870443037833917,0.0,0.0,-0.03924504108061189,-0.631933135436854,14
next_close,10,50,0.25,0.13797313797313798,-0.9948776874449397,-0.9999999993601913,-0.9949116898939291,-30.71134017893998,-0.8181216883628807,-0.8218028997840754,-0.745517861521175,-0.8870443037833917,0.0,0.0,-0.03924504108061189,-0.631933135436854,14
next_close,10,50,0.5,0.027472527472527472,-0.6587100975620356,-0.9866337643734158,-0.6587100975620356,-13.205201558756004,-0.2985034987745929,-0.2957665053307309,-0.22535243643209502,-0.37439155456095286,0.0,0.0,0.0,-0.26065789741899015,14
next_close,15,5,0.0,0.13522588522588522,0.022321671071980465,0.0926559470044781,-0.15685603506739665,0.42384174763220467,0.010400738487029196,0.04296809757628672,0.0839199760819791,-0.09568585819717823,0.6666666666666666,0.6428571428571429,0.07723385484303602,-0.04860625507759031,14
next_close,15,5,0.1,0.13522588522588522,0.022321671071980465,0.0926559470044781,-0.15685603506739665,0.42384174763220467,0.010400738487029196,0.04296809757628672,0.0839199760819791,-0.09568585819717823,0.6666666666666666,0.6428571428571429,0.07723385484303602,-0.04860625507759031,14
next_close,15,5,0.25,0.13522588522588522,0.022321671071980465,0.0926559470044781,-0.15685603506739665,0.42384174763220467,0.010400738487029196,0.04296809757628672,0.0839199760819791,-0.09568585819717823,0.6666666666666666,0.6428571428571429,0.07723385484303602,-0.04860625507759031,14
next_close,15,5,0.5,0.027167277167277168,0.0004295591087863926,0.001725319197491526,-0.0680038220535607,0.12756090179721383,0.0010832864749652134,-0.014690220341371796,0.06069370473288216,-0.04275362496661472,0.3333333333333333,0.2857142857142857,0.05411867135845427,-0.021135662727893467,14
next_close,15,10,0.0,0.13522588522588522,-0.437139603483113,-0.9004282867287128,-0.4714664542142494,-4.5112567299106665,-0.17052213292327048,-0.12166549047664121,-0.10964011772907367,-0.2802607905640966,0.0,0.21428571428571427,0.05270420775691664,-0.12005631829031016,14
next_close,15,10,0.1,0.13522588522588522,-0.437139603483113,-0.9004282867287128,-0.4714664542142494,-4.5112567299106665,-0.17052213292327048,-0.12166549047664121,-0.10964011772907367,-0.2802607905640966,0.0,0.21428571428571427,0.05270420775691664,-0.12005631829031016,14
next_close,15,10,0.25,0.13522588522588522,-0.437139603483113,-0.9004282867287128,-0.4714664542142494,-4.5112567299106665,-0.17052213292327048,-0.12166549047664121,-0.10964011772907367,-0.2802607905640966,0.0,0.21428571428571427,0.05270420775691664,-0.12005631829031016,14
next_close,15,10,0.5,0.027167277167277168,-0.10392082648100165,-0.3562404961456679,-0.14957402449971458,-1.6864405149651178,-0.03483762890619776,-0.043866223147920436,0.025198505228654966,-0.0858451687993278,0.3333333333333333,0.21428571428571427,0.02499335032952632,-0.048186090463251396,14
next_close,15,20,0.0,0.13522588522588522,-0.8296873014797834,-0.9991790615657127,-0.8317382798308289,-13.619288861864094,-0.43981868658643664,-0.4236178552663139,-0.35144325997450854,-0.5443949445184875,0.0,0.07142857142857142,0.005238198185141929,-0.29006329741347736,14
next_close,15,20,0.1,0.13522588522588522,-0.8296873014797834,-0.9991790615657127,-0.8317382798308289,-13.619288861864094,-0.43981868658643664,-0.4236178552663139,-0.35144325997450854,-0.5443949445184875,0.0,0.07142857142857142,0.005238198185141929,-0.29006329741347736,14
next_close,15,20,0.25,0.13522588522588522,-0.8296873014797834,-0.9991790615657127,-0.8317382798308289,-13.619288861864094,-0.43981868658643664,-0.4236178552663139,-0.35144325997450854,-0.5443949445184875,0.0,0.07142857142857142,0.005238198185141929,-0.29006329741347736,14
next_close,15,20,0.5,0.027167277167277168,-0.2813421816108598,-0.7344808831442489,-0.29970793281014885,-5.096703538437143,-0.10283714318116792,-0.0997334991976303,-0.042366254678727566,-0.16641167566714588,0.0,0.0,0.0,-0.10014087423555074,14
next_close,15,50,0.0,0.13522588522588522,-0.9953493997878782,-0.9999999995658507,-0.9953493997878782,-31.63637092316146,-0.8244379352179095,-0.8379496800837685,-0.7502926292875183,-0.8850714962824422,0.0,0.0,-0.04127871493004498,-0.6281342301123656,14
next_close,15,50,0.1,0.13522588522588522,-0.9953493997878782,-0.9999999995658507,-0.9953493997878782,-31.63637092316146,-0.8244379352179095,-0.8379496800837685,-0.7502926292875183,-0.8850714962824422,0.0,0.0,-0.04127871493004498,-0.6281342301123656,14
next_close,15,50,0.25,0.13522588522588522,-0.9953493997878782,-0.9999999995658507,-0.9953493997878782,-31.63637092316146,-0.8244379352179095,-0.8379496800837685,-0.7502926292875183,-0.8850714962824422,0.0,0.0,-0.04127871493004498,-0.6281342301123656,14
next_close,15,50,0.5,0.027167277167277168,-0.6302648222156526,-0.981568471812798,-0.6302648222156526,-12.413865619369666,-0.2792834138902912,-0.2490482415884504,-0.22014121103784035,-0.3686607890445829,0.0,0.0,0.0,-0.240115894568399,14
next_close,30,5,0.0,0.12698412698412698,-0.2085570340360361,-0.6089182030358633,-0.29304249432188734,-1.9328881883085505,-0.06986251151120866,-0.054697610485746284,0.04032566604973575,-0.19521559009761547,0.3333333333333333,0.2857142857142857,0.044087355549176976,-0.09121249018765176,14
next_close,30,5,0.1,0.12698412698412698,-0.2085570340360361,-0.6089182030358633,-0.29304249432188734,-1.9328881883085505,-0.06986251151120866,-0.054697610485746284,0.04032566604973575,-0.19521559009761547,0.3333333333333333,0.2857142857142857,0.044087355549176976,-0.09121249018765176,14
next_close,30,5,0.25,0.12698412698412698,-0.2085570340360361,-0.6089182030358633,-0.29304249432188734,-1.9328881883085505,-0.06986251151120866,-0.054697610485746284,0.04032566604973575,-0.19521559009761547,0.3333333333333333,0.2857142857142857,0.044087355549176976,-0.09121249018765176,14
next_close,30,5,0.5,0.025793650793650792,-0.07385230617145422,-0.2650493021727881,-0.08637138439308012,-1.272281612321032,-0.02517320891882043,-0.03131773781390401,-0.00809079432822013,-0.03611109461433715,0.0,0.14285714285714285,0.0041614416996920145,-0.020735439708904346,14
next_close,30,10,0.0,0.12698412698412698,-0.5473419070796075,-0.9584759211660854,-0.5712163585830786,-6.96168219252373,-0.22623180667256326,-0.18489095947929068,-0.1381739122836334,-0.3556305482547657,0.0,0.07142857142857142,0.017259304532361908,-0.13904122750535886,14
next_close,30,10,0.1,0.12698412698412698,-0.5473419070796075,-0.9584759211660854,-0.5712163585830786,-6.96168219252373,-0.22623180667256326,-0.18489095947929068,-0.1381739122836334,-0.3556305482547657,0.0,0.07142857142857142,0.017259304532361908,-0.13904122750535886,14
next_close,30,10,0.25,0.12698412698412698,-0.5473419070796075,-0.9584759211660854,-0.5712163585830786,-6.96168219252373,-0.22623180667256326,-0.18489095947929068,-0.1381739122836334,-0.3556305482547657,0.0,0.07142857142857142,0.017259304532361908,-0.13904122750535886,14
next_close,30,10,0.5,0.025793650793650792,-0.16539315349214212,-0.5160090935236361,-0.17337901810250522,-3.1298275417904704,-0.058363099719153023,-0.06461085332436367,-0.037444860091456755,-0.07303358574163865,0.0,0.0,0.0,-0.03554199176892103,14
next_close,30,20,0.0,0.12698412698412698,-0.8521771716646122,-0.9995350200547324,-0.853531108650771,-16.100957968686405,-0.46343039299374356,-0.4088818264176415,-0.3942241018939917,-0.5871852506695975,0.0,0.0,-0.023468053403065126,-0.26773951544845376,14
next_close,30,20,0.1,0.12698412698412698,-0.8521771716646122,-0.9995350200547324,-0.853531108650771,-16.100957968686405,-0.46343039299374356,-0.4088818264176415,-0.3942241018939917,-0.5871852506695975,0.0,0.0,-0.023468053403065126,-0.26773951544845376,14
next_close,30,20,0.25,0.12698412698412698,-0.8521771716646122,-0.9995350200547324,-0.853531108650771,-16.100957968686405,-0.46343039299374356,-0.4088818264176415,-0.3942241018939917,-0.5871852506695975,0.0,0.0,-0.023468053403065126,-0.26773951544845376,14
next_close,30,20,0.5,0.025793650793650792,-0.32243742147562626,-0.7903718343962076,-0.32419578492800205,-6.622859042325444,-0.12136896110396751,-0.11918676976061682,-0.09365456116219784,-0.1512655523890879,0.0,0.0,0.0,-0.08083004849893094,14
next_close,30,50,0.0,0.12698412698412698,-0.994920991610472,-0.9999999993816273,-0.994920991610472,-33.23721038600443,-0.8181329516150048,-0.8101289840169192,-0.7522335859767796,-0.8920362848513155,0.0,0.0,-0.05822126547495765,-0.5799105333182293,14
next_close,30,50,0.1,0.12698412698412698,-0.994920991610472,-0.9999999993816273,-0.994920991610472,-33.23721038600443,-0.8181329516150048,-0.8101289840169192,-0.7522335859767796,-0.8920362848513155,0.0,0.0,-0.05822126547495765,-0.5799105333182293,14
next_close,30,50,0.25,0.12698412698412698,-0.994920991610472,-0.9999999993816273,-0.994920991610472,-33.23721038600443,-0.8181329516150048,-0.8101289840169192,-0.7522335859767796,-0.8920362848513155,0.0,0.0,-0.05822126547495765,-0.5799105333182293,14
next_close,30,50,0.5,0.025793650793650792,-0.6383754504644028,-0.983138504859616,-0.6383754504644028,-13.886247132191947,-0.2860640411739967,-0.2650751272339702,-0.2438948326332806,-0.34922216365473935,0.0,0.0,0.0,-0.21166704576976725,14
