month_utc,equity_jpy_venue_constraints,equity_jpy_continuous_quantity
2025-08,12947.643023456705,12954.024556719494
2025-09,20273.92726410543,20254.038377722147
2025-10,118334.94509296841,117520.5838097356
2025-11,549685.1791653141,547481.5628744748
2025-12,865670.0168227149,862332.5011072913
2026-01,3159930.846097838,3148663.82932977
2026-02,8461159.871344091,9530302.732954843
2026-03,22193232.582181156,24717151.574051518
2026-04,39913985.77609395,47651382.507717825
2026-05,78487957.18161444,126018919.25118877
2026-06,187931768.97607228,584794750.2572182
2026-07,205357775.8845489,808558363.3340482
2026-08,201392632.8417097,898076813.8276888
