# source idle_candidate_events.csv sha256=09e97db7a812728f5e54c1179c8e39ac30c6dba4fea241a9d415fa4810f8adbb; pnl/outcome columns intentionally omitted
symbol,t,archetype,side,ret12,ret24,rel24,vol_ratio,atr_ratio
DOTUSDT,1754938800000,RELATIVE,SHORT,-0.0554083353408817,-0.0368459837877671,-0.0467479339904776,0.966715976331361,0.008215834153095
DOTUSDT,1755190800000,MOMENTUM,SHORT,-0.0733410942956926,-0.0570954750059228,-0.0275755596661905,6.235020342315265,0.0147523330940416
DOTUSDT,1755273600000,BREAKOUT,SHORT,-0.0426799007444168,-0.0426799007444168,-0.0345203359212074,17.501802092579144,0.0097756054210175
DOTUSDT,1756134000000,MOMENTUM,SHORT,-0.0542241587993223,-0.0353086419753085,-0.0142367457750713,3.3442384548553097,0.008300120662547
DOTUSDT,1756454400000,BREAKOUT,SHORT,-0.0187612438961706,-0.0289928789420141,-0.0012630620953062,5.240196078431373,0.0070343485744219
DOTUSDT,1757768400000,BREAKOUT,LONG,0.0697566628041712,0.1014077785731328,0.0936150334319725,1.6757443329900334,0.008000123793018
DOTUSDT,1757862000000,RELATIVE,SHORT,-0.0342741935483872,-0.049393605292172,-0.0458864276717662,1.3075292139564314,0.007074924611459
DOTUSDT,1757923200000,BREAKOUT,SHORT,-0.0207325501036627,-0.0406228842247798,-0.040596971581483,4.912846505007724,0.0070403602513694
DOTUSDT,1758150000000,BREAKOUT,LONG,0.0576784426820475,0.0280308339173089,0.0303617364441374,3.338838500425235,0.0095757457720648
DOTUSDT,1758193200000,BREAKOUT,LONG,0.0302204044535332,0.0896419130016823,0.0824592524857688,566.9753482021663,0.0088379860104606
DOTUSDT,1758243600000,BREAKOUT,LONG,0.0637732506643047,0.0948040109389243,0.0857578090968356,56.41121366687535,0.0073153324610443
DOTUSDT,1758290400000,MOMENTUM,SHORT,-0.0403311398853747,-0.010505581089954,-0.0008500420614372,6.660355579360924,0.015767687300534
DOTUSDT,1758337200000,BREAKOUT,SHORT,-0.0387441549766197,-0.079923273657289,-0.0675670156478912,73.60029984013013,0.0072967338429464
DOTUSDT,1758524400000,BREAKOUT,SHORT,-0.066246792628878,-0.0846101074777041,-0.0595667892120947,15.579633313790572,0.0146675707505085
DOTUSDT,1758567600000,RELATIVE,SHORT,-0.0084936297776667,-0.0741777466759971,-0.0476316258542165,5.968352082657387,0.0111219090810927
DOTUSDT,1758776400000,MOMENTUM,SHORT,-0.0418719211822659,-0.0203978846638126,-0.0171301556284704,2.297099595279884,0.0100440690414983
DOTUSDT,1759100400000,BREAKOUT,LONG,0.0479685452162517,0.0251282051282051,0.0041573398473069,1.6817829510777742,0.0074858858000428
DOTUSDT,1759208400000,RELATIVE,SHORT,-0.0065889508362899,-0.0165579528349223,-0.0370607794225626,1.7227716571869367,0.0083090379008746
DOTUSDT,1759694400000,MOMENTUM,SHORT,-0.0598898577329047,-0.0198564593301433,-0.0251250180188358,1.9694166976725624,0.0132326789637016
DOTUSDT,1759737600000,RELATIVE,SHORT,0.0165975103734439,-0.0442863698944469,-0.0335213079095343,8.235411080766248,0.0108729205968101
DOTUSDT,1759867200000,MOMENTUM,SHORT,-0.0342737234786661,-0.057350933090578,-0.0269945021839517,1.1609500717879826,0.014278816306822
DOTUSDT,1759996800000,MOMENTUM,SHORT,-0.0336732274128526,-0.0171249397009164,-0.0199694522922856,1.3928316499445097,0.0080455740578439
DOTUSDT,1760180400000,RELATIVE,SHORT,0.1421071053552676,-0.2124064687424571,-0.1351235145916388,10.510341231587788,0.0994702508646731
DOTUSDT,1760238000000,RELATIVE,SHORT,-0.0563063063063064,-0.0647321428571429,-0.0369497536175866,1.528382091511199,0.0155861867419998
DOTUSDT,1761631200000,BREAKOUT,SHORT,-0.0305867665418227,-0.0366004962779157,-0.019821391717601,2.69724307082325,0.0088768282586698
DOTUSDT,1762153200000,BREAKOUT,SHORT,-0.0553645116918845,-0.0852480852480853,-0.0567835452569974,2.778413426212319,0.0118310884601383
DOTUSDT,1762660800000,RELATIVE,SHORT,0.006726457399103,-0.0692922712466685,-0.0602103683569189,7.31090812690075,0.0174992045816099
DOTUSDT,1762848000000,MOMENTUM,SHORT,-0.0301724137931035,-0.031960663798402,-0.0159068699187053,2.007292077546891,0.0174829931972789
DOTUSDT,1762894800000,BREAKOUT,SHORT,-0.0209523809523809,-0.0528255528255527,-0.0228101232753689,2.16715435981786,0.0119279229201408
DOTUSDT,1762999200000,MOMENTUM,SHORT,-0.044344473007712,-0.0306388526727509,-0.0184218119890073,1.091531397707785,0.0145547122682294
DOTUSDT,1763319600000,RELATIVE,SHORT,-0.0477851412626438,-0.0520833333333332,-0.0313812800012774,0.8184899870541692,0.0113814756671899
DOTUSDT,1763456400000,MOMENTUM,LONG,0.0361990950226245,-0.0279448178280862,0.0181182422657663,6.469837028892172,0.0134383447702225
DOTUSDT,1763499600000,RELATIVE,LONG,0.0094614264919941,0.0460030165912519,0.0365078991103968,2.5592216556145644,0.008548769183232
DOTUSDT,1763578800000,MOMENTUM,SHORT,-0.0368989936638091,-0.0728381772515248,-0.0291710146147936,4.731329273186402,0.0130196815568332
DOTUSDT,1763726400000,RELATIVE,SHORT,-0.0786782061369,-0.1492916818016709,-0.0446531600346253,1.6171954797629975,0.0229657191655483
DOTUSDT,1763769600000,RELATIVE,SHORT,0.0046968403074296,-0.0743509047993704,-0.056851470600938,5.753807278658537,0.0232833464877663
DOTUSDT,1763830800000,RELATIVE,SHORT,0.0030474531998256,-0.0443799253421817,-0.0417692299735741,2.719757230584773,0.0130208333333333
DOTUSDT,1763942400000,BREAKOUT,SHORT,-0.0327163151097719,-0.0260078023407022,-0.0509091239172427,2.4085591244154685,0.0103312352978575
DOTUSDT,1764007200000,BREAKOUT,LONG,0.0199739470256188,0.0307152259763054,0.0119304890941287,8.659080918024491,0.0134707778385939
DOTUSDT,1764630000000,RELATIVE,SHORT,-0.00390625,-0.0997352162400706,-0.0499903994082897,5.2115378472245935,0.0110644257703081
DOTUSDT,1764954000000,BREAKOUT,SHORT,-0.0573445081605645,-0.0760916558581928,-0.0367780289453024,28.430757486784096,0.0130356307239788
DOTUSDT,1765148400000,RELATIVE,SHORT,-0.0062290368950648,-0.0290262172284645,-0.0324527665991247,3.356334354067077,0.0123295219727235
DOTUSDT,1765414800000,BREAKOUT,SHORT,-0.0291041382446567,-0.0548915449313855,-0.0468007227101284,16.521937496948244,0.0139176982268317
DOTUSDT,1765465200000,RELATIVE,SHORT,-0.0258249641319944,-0.0711354309165527,-0.0461605648096755,7.036331217976281,0.0078897538396802
DOTUSDT,1765555200000,BREAKOUT,SHORT,-0.0479186834462729,-0.0300788954635108,-0.0306744416684344,78.48504800891888,0.0105672162103275
DOTUSDT,1765753200000,BREAKOUT,SHORT,-0.0266064257028112,-0.0429417571569593,-0.0237921196048896,2.9455260742904734,0.0075517571649598
DOTUSDT,1766354400000,RELATIVE,SHORT,-0.0438074634937803,-0.0375612411540554,-0.0369590610579787,3.4828433744311957,0.0085245636716224
DOTUSDT,1766397600000,RELATIVE,SHORT,0.0248868778280542,-0.0200108166576526,-0.0305684701122452,6.757736363437178,0.0084358246609902
DOTUSDT,1766808000000,MOMENTUM,LONG,0.0352112676056337,0.0149597238204832,0.0298243330093097,1.7282991426937078,0.0074505992873339
DOTUSDT,1766923200000,RELATIVE,LONG,-0.0182672233820458,0.0699658703071672,0.0651942384136343,2.4360055559037863,0.0071010860484544
DOTUSDT,1767063600000,BREAKOUT,SHORT,-0.0185185185185184,-0.0337801608579088,-0.0106997856840094,1.8813569837829915,0.007650229903282
DOTUSDT,1767286800000,BREAKOUT,LONG,0.0763574660633483,0.0703037120359955,0.0665306654663748,14.151979727750865,0.0072066661662037
DOTUSDT,1767459600000,RELATIVE,LONG,0.0013979496738119,0.0467608377983439,0.0497586315195823,1.2339564626734405,0.0084092268829355
DOTUSDT,1767722400000,MOMENTUM,SHORT,-0.0459045904590458,-0.0385487528344671,-0.0096648115251593,29.227851722265367,0.0156334231805929
DOTUSDT,1767772800000,MOMENTUM,LONG,0.0409492787342951,0.0256762952773956,0.029725082411393,1.1796875668824034,0.0110160291206334
DOTUSDT,1767855600000,BREAKOUT,SHORT,-0.0214252445272472,-0.041514598540146,-0.012028841294008,12.31706191869026,0.0084653566328958
DOTUSDT,1768435200000,RELATIVE,SHORT,-0.0124389160373167,-0.025854513584575,-0.0417972430561878,1.0250165839644385,0.0107319581003791
DOTUSDT,1768492800000,RELATIVE,SHORT,0.000463392029657,-0.0455349248452697,-0.0459661599149189,11.566561896625709,0.012108780520082
DOTUSDT,1768539600000,MOMENTUM,SHORT,-0.0327188940092164,-0.0389194139194138,-0.0281304494709577,1.8151449306913483,0.0103110324644388
DOTUSDT,1768665600000,RELATIVE,LONG,0.0385700846660397,0.0676982591876209,0.0572655277222997,1.3449974356881216,0.0091226708074534
DOTUSDT,1768780800000,BREAKOUT,SHORT,-0.0395716945996275,-0.0510579576816926,-0.0355170761204544,44.44178730410437,0.0109064469219583
DOTUSDT,1768852800000,RELATIVE,SHORT,0.0423253442121367,-0.0580645161290321,-0.0341970010820292,18.124031019360416,0.0078277886497064
DOTUSDT,1769655600000,BREAKOUT,SHORT,-0.027448869752422,-0.0310991957104558,-0.0155079496656911,1.5649521525779062,0.0113842991540833
DOTUSDT,1769893200000,RELATIVE,SHORT,-0.0832313341493267,-0.1093935790725326,-0.0388074895783692,1.0000923874674583,0.022601563990082
DOTUSDT,1769965200000,MOMENTUM,SHORT,-0.0378933847141939,-0.0335483870967742,0.0020742591107019,4.669290453427736,0.0113484646194926
DOTUSDT,1770325200000,BREAKOUT,SHORT,-0.1176880222841225,-0.1392663043478261,-0.0070247101220501,19.569188946369625,0.0245236216033374
DOTUSDT,1770595200000,RELATIVE,SHORT,-0.0255474452554745,-0.0269679300291546,-0.0418029385700419,10.738347901565632,0.0097913322632423
DOTUSDT,1770652800000,MOMENTUM,SHORT,-0.03486646884273,-0.0426784400294334,-0.0200311815507657,3.953822440352615,0.007521686614692
DOTUSDT,1771441200000,BREAKOUT,SHORT,-0.0237037037037036,-0.037253469685902,-0.0118002331213911,34.69859359452485,0.0082917840884456
DOTUSDT,1772024400000,BREAKOUT,LONG,0.1600646725949879,0.1544650040225261,0.1054642097413505,53.30229058492797,0.015131906421105
DOTUSDT,1772067600000,RELATIVE,LONG,0.1351916376306619,0.316895715440582,0.252618659001659,77.01154960019126,0.0389371218100499
DOTUSDT,1772118000000,RELATIVE,LONG,-0.0375985445724681,0.0601202404809617,0.0489271081519027,9.974024491208413,0.0255648573228913
DOTUSDT,1772161200000,MOMENTUM,LONG,0.03528670447385,-0.0036385688295936,0.0110883068391103,2.534574738486331,0.0230414746543778
DOTUSDT,1772406000000,RELATIVE,SHORT,-0.0324840764331211,-0.0810647307924985,-0.0535380067946392,3.65880854183438,0.0110034797329069
DOTUSDT,1772449200000,RELATIVE,SHORT,-0.0052666227781434,-0.037579617834395,-0.0352645730537823,2.116348856577337,0.0127635435378651
DOTUSDT,1772809200000,BREAKOUT,SHORT,-0.0418300653594772,-0.0342555994729908,0.023440922197831,17.9979241623816,0.0085753264470863
DOTUSDT,1772913600000,BREAKOUT,SHORT,-0.035594358629953,-0.0323450134770889,-0.016839259210767,2.4111584450633528,0.0087047353760445
DOTUSDT,1773018000000,RELATIVE,LONG,-0.0047554347826086,0.0187760778859527,0.0308344775238583,4.581023606900053,0.0085324232081911
DOTUSDT,1773849600000,MOMENTUM,SHORT,-0.0476190476190475,-0.0170132325141776,0.0159379599278244,1.379621931177654,0.0085164835164835
DOTUSDT,1774170000000,MOMENTUM,SHORT,-0.0313751668891855,-0.0339547270306257,-0.0083827407200348,3.631796780380874,0.0075317515014275
DOTUSDT,1774472400000,BREAKOUT,SHORT,-0.0259740259740258,-0.0336435218324981,-0.0467174977828916,3.549938883226973,0.0077248677248677
DOTUSDT,1774519200000,BREAKOUT,SHORT,-0.0296296296296296,-0.0548340548340546,-0.0300644162595605,3.5904764716136777,0.0073064340239913
DOTUSDT,1776060000000,RELATIVE,SHORT,-0.057784911717496,-0.0424143556280587,-0.0310687975605714,399.7850408944102,0.0130810416159649
DOTUSDT,1776182400000,MOMENTUM,SHORT,-0.0331950207468879,0.0,-0.0477575369451268,14.60015689867847,0.0074187614960147
DOTUSDT,1778644800000,BREAKOUT,LONG,0.0616907844630616,0.0333580429948108,0.0310032084256417,2.4460044391984788,0.0077372412379585
DOTUSDT,1779440400000,RELATIVE,LONG,0.016141429669485,0.0384917517674785,0.0468883376694311,1.073714054272985,0.0078884806570131
DOTUSDT,1779490800000,MOMENTUM,SHORT,-0.0332829046898638,-0.0123647604327665,0.0119450063940232,12.990581124302055,0.0105633802816901
DOTUSDT,1779537600000,RELATIVE,SHORT,-0.0294585987261145,-0.0827689992475544,-0.0488422668275999,2.035351658581256,0.0087308097972577
DOTUSDT,1780246800000,MOMENTUM,SHORT,-0.0308590492076731,-0.0284280936454849,-0.0229706080402289,1.0275007220142884,0.0070076223260388
DOTUSDT,1780318800000,MOMENTUM,SHORT,-0.0343383584589613,-0.0335289186923721,-0.0106179787456162,1.101069026321137,0.0109032338000247
DOTUSDT,1780387200000,MOMENTUM,SHORT,-0.030017152658662,-0.0275150472914875,0.0096335926115598,15.023218385297923,0.0107995452823039
DOTUSDT,1780448400000,MOMENTUM,SHORT,-0.0525394045534148,-0.0640138408304497,-0.0026725410094992,1.2118353851727222,0.0167678901505148
DOTUSDT,1781118000000,BREAKOUT,SHORT,-0.0212314225053077,-0.0375782881002086,-0.0389075672132022,1.944863982780164,0.0099163309575456
DOTUSDT,1781665200000,RELATIVE,LONG,0.0362173038229376,0.0362173038229376,0.0337457517826134,1.8153910787434333,0.0097087378640776
DOTUSDT,1782687600000,BREAKOUT,SHORT,-0.0136476426799007,-0.020935960591133,-0.0016062391929088,7.760722038449471,0.0089847259658579
DOTUSDT,1783342800000,BREAKOUT,SHORT,-0.0285062713797035,-0.0229357798165137,-0.0072595344622277,4.692595726062279,0.0072937625754527
DOTUSDT,1784239200000,BREAKOUT,LONG,0.0444177671068428,0.0271546635182999,0.0373939242544774,2.7195915348139303,0.0087848932676518
DOTUSDT,1784282400000,RELATIVE,LONG,-0.0195402298850574,0.0240096038415367,0.0411581606685698,2.952338780790252,0.0105509964830011
DOTUSDT,1784628000000,BREAKOUT,LONG,0.0434782608695651,0.0732919254658384,0.0408802977944113,18.23381668715036,0.0084325396825396
DOTUSDT,1784779200000,BREAKOUT,SHORT,-0.0248815165876777,-0.0294811320754717,-0.0210333178397488,15.244699112371176,0.0084186773129665
DOTUSDT,1785222000000,RELATIVE,SHORT,-0.0291878172588833,-0.0670731707317072,-0.0399535467448121,4.788359432444667,0.0084967320261437
DOTUSDT,1785772800000,MOMENTUM,LONG,0.040506329113924,0.035264483627204,0.0260300608697816,51.93495738645158,0.0071254779283976
JUPUSDT,1768453200000,MOMENTUM,SHORT,-0.0680497925311203,-0.0092633436259373,-0.0207084362824406,1.2860772185072649,0.0141203409235466
JUPUSDT,1768503600000,BREAKOUT,SHORT,-0.0266666666666667,-0.0653008962868118,-0.0554662538725909,6.311383145786789,0.0090998043052837
JUPUSDT,1768597200000,BREAKOUT,LONG,0.0009017132551849,0.0258780036968575,0.0229467213159548,34.993719419740714,0.0098133848133847
JUPUSDT,1768798800000,RELATIVE,SHORT,-0.0939352485180119,-0.0964074579354252,-0.0708313323523565,494.725397267912,0.0158530447911424
JUPUSDT,1769648400000,RELATIVE,LONG,-0.0218878248974008,0.0458313018039979,0.0493695691042128,11.978497495861031,0.0204795204795204
JUPUSDT,1769698800000,BREAKOUT,SHORT,-0.0372960372960373,-0.0439814814814815,-0.0150264718752103,7.497785620197176,0.0122794880664129
JUPUSDT,1769832000000,BREAKOUT,LONG,0.0453648915187376,0.0939112487100102,0.0775254831858256,1.4679182227423908,0.0177223719676549
JUPUSDT,1769943600000,RELATIVE,SHORT,0.0056915196357427,-0.1217693836978131,-0.0632212531614357,1.6169798617097777,0.0147950521464952
JUPUSDT,1770037200000,RELATIVE,LONG,0.0770089285714286,0.1003420752565564,0.1062131313580426,2.931379223727037,0.0343079200592153
JUPUSDT,1770109200000,RELATIVE,LONG,0.028042328042328,0.0582788671023963,0.0339350289330906,0.8501621629168992,0.0157341371957944
JUPUSDT,1770152400000,BREAKOUT,LONG,0.062789500772002,0.0925925925925925,0.1120176917709391,10.723358905863773,0.0274991352473192
JUPUSDT,1770303600000,BREAKOUT,SHORT,-0.0488322717622081,-0.0365591397849462,0.0300186255532243,2.5550502440933567,0.0143893494897959
JUPUSDT,1770375600000,RELATIVE,SHORT,-0.0080845771144277,-0.151595744680851,-0.082516100612432,3.227918432147783,0.0299596954769368
JUPUSDT,1770580800000,RELATIVE,SHORT,-0.0037037037037037,-0.0346889952153109,-0.0639603690288382,20.71307141165292,0.0096919808815719
JUPUSDT,1770627600000,BREAKOUT,SHORT,-0.0182389937106919,-0.0630252100840337,-0.05222297259908,15.362606547991348,0.0095177084286629
JUPUSDT,1770681600000,RELATIVE,SHORT,-0.001310615989515,-0.0421118793211815,-0.0396148139066047,5.30816511047272,0.0085301837270341
JUPUSDT,1770724800000,RELATIVE,SHORT,-0.0465879265091863,-0.0478374836173001,-0.0419840388948343,2.074667104322612,0.0106184249336348
JUPUSDT,1770976800000,MOMENTUM,LONG,0.0489766081871343,0.0063113604488076,0.0150702467047317,4.728043459634893,0.0095569935291189
JUPUSDT,1771045200000,RELATIVE,LONG,0.0116807268007788,0.100211714890614,0.0630501030558521,0.8503951821121282,0.0111793274076789
JUPUSDT,1771124400000,BREAKOUT,LONG,0.0614805520702634,0.0811501597444088,0.0724196747965433,17.461218596970784,0.0127490712597095
JUPUSDT,1771297200000,BREAKOUT,LONG,0.0499064254522769,0.0446927374301677,0.0372205002397172,7.884477643932322,0.0094643918173329
JUPUSDT,1771340400000,MOMENTUM,SHORT,-0.0380273321449793,0.0099812850904552,0.0325964298969851,1.3484722943941392,0.0106326656666372
JUPUSDT,1771441200000,BREAKOUT,SHORT,-0.065893837705918,-0.0676004872107186,-0.0421472506462077,28.260529509503147,0.0098908276569935
JUPUSDT,1771513200000,BREAKOUT,SHORT,-0.0284789644012943,-0.063630692451653,-0.0516100235089419,170.56417132984345,0.0095650518701817
JUPUSDT,1771833600000,RELATIVE,SHORT,-0.0253502334889926,-0.0628608082103913,-0.0325488175783483,3.787672322544751,0.0094846973697076
JUPUSDT,1772024400000,BREAKOUT,LONG,0.0476848652384245,0.0683579985905569,0.0193572043093812,1.750485275858725,0.0093761779117979
JUPUSDT,1772067600000,RELATIVE,LONG,0.0686015831134563,0.1195577055977885,0.0552806491588655,1.84022946695836,0.0137125220458553
JUPUSDT,1772121600000,MOMENTUM,SHORT,-0.0340136054421769,-0.0025542784163472,-0.0021015606999444,2.4717161939856123,0.0071337113590634
JUPUSDT,1772168400000,MOMENTUM,LONG,0.0586275816122585,-0.0173160173160172,-0.0053107354589045,1.117729642337878,0.0106086487458419
JUPUSDT,1772384400000,RELATIVE,LONG,-0.0421965317919075,0.1158249158249158,0.0995413452758429,1.0497186523131774,0.0144409000775929
JUPUSDT,1772442000000,MOMENTUM,LONG,0.0449157829070494,-0.0204678362573099,-0.0158866165526543,5.939921503917349,0.0129637526652451
JUPUSDT,1772744400000,BREAKOUT,SHORT,-0.0248704663212435,-0.0243649559357178,-0.0004205567107523,8.154604708922378,0.0085775011386063
JUPUSDT,1772820000000,BREAKOUT,SHORT,-0.0483170466883821,-0.0865033871808231,-0.0477137176967688,7.507993684203853,0.0081900415614049
JUPUSDT,1773151200000,RELATIVE,LONG,0.1056910569105693,0.085328422344997,0.0719003480990574,0.8366751664801599,0.0106658047834518
JUPUSDT,1773795600000,MOMENTUM,LONG,0.0309090909090907,0.0065088757396449,0.0259870834735416,20.41005927320356,0.0109599395313681
JUPUSDT,1773838800000,MOMENTUM,SHORT,-0.0411522633744856,-0.0115151515151515,0.0073931353579747,6.78149326722606,0.0109047911009897
JUPUSDT,1774159200000,MOMENTUM,SHORT,-0.0302076777847705,-0.0386774797255147,-0.0166548628205667,2.49231248255482,0.0080652637433948
JUPUSDT,1774494000000,RELATIVE,SHORT,-0.0210997442455243,-0.0297845373891,-0.0348116802725863,0.9283950392533884,0.0074647755901838
JUPUSDT,1775696400000,BREAKOUT,SHORT,-0.0334143377885783,-0.0641176470588236,-0.0513954906400567,6.842517914851764,0.0105504175271617
JUPUSDT,1776175200000,BREAKOUT,LONG,0.0255344418052256,0.0595092024539876,0.0057818227266106,76.58927820012904,0.0082719827942757
JUPUSDT,1776535200000,BREAKOUT,SHORT,-0.0273074822501365,-0.0460632029994643,-0.0245491775023163,11.726470440756154,0.0105077404347477
JUPUSDT,1778637600000,MOMENTUM,LONG,0.0487910189982729,-0.0093800978792821,-0.0070436464019326,62.90551287213052,0.0085573134152796
JUPUSDT,1779141600000,RELATIVE,LONG,0.0298969072164947,0.0152439024390242,0.0318605269750232,6.415927993311489,0.0097240097240097
JUPUSDT,1779282000000,BREAKOUT,LONG,0.0863753213367608,0.0775114737378888,0.0686144475188388,130.185714933533,0.0070989115002366
JUPUSDT,1779476400000,BREAKOUT,SHORT,-0.0641025641025642,-0.0308202939781887,-0.0197679202841052,45.54849055910356,0.0116019010343863
JUPUSDT,1779523200000,BREAKOUT,SHORT,-0.0595829195630585,-0.1307939421753097,-0.0947111614460017,15.621075310435163,0.0139538391914315
JUPUSDT,1779663600000,RELATIVE,SHORT,-0.0367504835589943,-0.0514285714285714,-0.0544020595679334,1.0010280116527015,0.0070639701663798
JUPUSDT,1779825600000,BREAKOUT,SHORT,-0.0169154228855722,-0.022749752720079,-0.0049396453840508,2.2743884110221977,0.0096153846153846
JUPUSDT,1779933600000,BREAKOUT,SHORT,-0.0351337178814893,-0.0795397698849424,-0.0591784470383386,38.97981331239641,0.0129270186335403
JUPUSDT,1780272000000,BREAKOUT,LONG,0.0324675324675325,0.0269106566200214,0.0296134325171102,2.612552069966241,0.0093216531895777
JUPUSDT,1780315200000,RELATIVE,LONG,0.0172955974842767,0.0503246753246753,0.0701212299042269,0.8839042110042841,0.0089791712666519
JUPUSDT,1780358400000,RELATIVE,LONG,0.0216383307573415,0.0393081761006288,0.0699882538734582,22.564936172620587,0.0125711404077515
JUPUSDT,1780401600000,BREAKOUT,LONG,0.0403429147755924,0.0628541988665636,0.1043843802349916,1.774431299962444,0.0097292431272072
JUPUSDT,1780448400000,MOMENTUM,SHORT,-0.0396475770925109,-0.010590015128593,0.0507512846923574,2.6373909632261223,0.0249017038007863
JUPUSDT,1781121600000,BREAKOUT,SHORT,-0.0250990752972258,-0.0550576184379001,-0.052479738260993,7.076753060271578,0.0107433217189314
JUPUSDT,1781665200000,RELATIVE,LONG,0.0207039337474119,0.0389884088514225,0.0365168568110982,1.989398993992057,0.0126774847870182
JUPUSDT,1782104400000,BREAKOUT,SHORT,-0.0669642857142858,-0.0525838621940163,-0.0495940906057177,3.688021971311535,0.0147300068352699
JUPUSDT,1782615600000,RELATIVE,SHORT,-0.0254919499105544,-0.0488869489305979,-0.0466316916420844,1.0910963193538783,0.0138005638235101
JUPUSDT,1782666000000,RELATIVE,SHORT,-0.0239963082602676,-0.090713671539123,-0.0721652671954239,1.0697124397332527,0.011144883485309
JUPUSDT,1782756000000,MOMENTUM,LONG,0.0490709861838971,0.0386792452830189,0.0246746448028227,1.0493038096330072,0.0158622031919034
JUPUSDT,1782810000000,BREAKOUT,SHORT,-0.0664223545579477,-0.0290614578370652,-0.0202693929305948,1.7412836358048942,0.0119514930604233
JUPUSDT,1782864000000,MOMENTUM,LONG,0.0475482912332838,-0.0289256198347107,-0.0018276030821228,1.933096881941443,0.0116852414724755
JUPUSDT,1783270800000,BREAKOUT,LONG,0.0429056924384028,0.0380549682875264,0.0426213598365221,10.018145795169133,0.0104451556590049
JUPUSDT,1783314000000,RELATIVE,LONG,0.0040733197556008,0.0471537807986406,0.0399294704208614,8.696791302233272,0.0101419878296145
JUPUSDT,1783537200000,RELATIVE,SHORT,-0.0445719329214474,-0.1012868410128684,-0.0776133870135156,4.247424683483673,0.0161002969317057
JUPUSDT,1783580400000,RELATIVE,SHORT,-0.0069284064665127,-0.0511915269196822,-0.0560645053601055,1.9816143293705009,0.010265780730897
JUPUSDT,1783839600000,MOMENTUM,SHORT,-0.0369127516778524,-0.0233349538162371,-0.0162318710876812,4.524057873933073,0.0074308469032212
JUPUSDT,1783886400000,RELATIVE,SHORT,0.0169915042478761,-0.0332541567695962,-0.0323826889376525,4.88155951355194,0.0075816075816075
JUPUSDT,1784188800000,BREAKOUT,SHORT,-0.0350119904076738,-0.0280193236714976,-0.0229732800734329,8.016696284516883,0.007703777335984
JUPUSDT,1784250000000,BREAKOUT,SHORT,-0.0337804272230501,-0.0562833575934013,-0.0455039368536658,2.086297446008431,0.0071612192434814
JUPUSDT,1784739600000,MOMENTUM,SHORT,-0.0352112676056338,-0.0337531486146096,-0.0290081187927889,2.5729450296788263,0.0080068523759868
JUPUSDT,1784901600000,BREAKOUT,SHORT,-0.0180562931492298,-0.0314300680984808,-0.0199428326355918,8.543136988897157,0.008267016920343
JUPUSDT,1785254400000,MOMENTUM,LONG,0.04015401540154,0.0166666666666666,0.0262221691791515,38.54587338925449,0.007290171489008
JUPUSDT,1785297600000,RELATIVE,LONG,0.001586462189318,0.041804180418042,0.0353428057293834,6.894688255158367,0.0122567506411223
TAOUSDT,1768442400000,RELATIVE,SHORT,-0.0163175756744712,-0.0200129776988491,-0.0327402828947116,1.1729240829274907,0.0095362556941229
TAOUSDT,1768489200000,RELATIVE,SHORT,-0.0047743509322181,-0.0362446004319654,-0.0320178009052507,34.873584577538026,0.0129936069952877
TAOUSDT,1768572000000,RELATIVE,SHORT,-0.0277967074351709,-0.0505114193638784,-0.0359785145079731,16.339572593038778,0.0134313963171042
TAOUSDT,1768780800000,BREAKOUT,SHORT,-0.0430544868271591,-0.0442102181232615,-0.0286693365620233,91.70111220846654,0.0075706189965647
TAOUSDT,1768834800000,RELATIVE,SHORT,-0.0067629390937662,-0.0806760438913027,-0.0581352265219673,1.235350989292885,0.0084826256372697
TAOUSDT,1768906800000,MOMENTUM,SHORT,-0.034877232142857,-0.0313250120019203,-0.011986819394038,1.27066973955049,0.0089149276362756
TAOUSDT,1769000400000,BREAKOUT,SHORT,-0.0306763892381191,-0.0390527627752388,-0.0112853074036595,1.4768986928559904,0.0073404978074238
TAOUSDT,1769659200000,MOMENTUM,SHORT,-0.0330498889959367,-0.0300840336134453,-0.0180928883367128,1.1107528944117024,0.0102823229447731
TAOUSDT,1769702400000,BREAKOUT,SHORT,-0.0551897418125109,-0.0864156159678297,-0.0356087865675545,1.5757718137746244,0.0101165913408004
TAOUSDT,1769893200000,RELATIVE,SHORT,-0.0893747602608362,-0.1120254348232654,-0.0414393453291019,5.478847791040227,0.0259846251053075
TAOUSDT,1770098400000,RELATIVE,LONG,-0.0112622713908406,0.0673516595836247,0.0309762646598532,2.6306633469659526,0.0136621858057269
TAOUSDT,1770152400000,BREAKOUT,LONG,0.0206791687785097,0.0249389250814333,0.0443640242597799,10.835647038048732,0.0171814480087397
TAOUSDT,1770282000000,MOMENTUM,SHORT,-0.0316870057088986,-0.0565421514594816,0.0156377731887112,28.108737040667307,0.0106710144031649
TAOUSDT,1770325200000,BREAKOUT,SHORT,-0.1421462570315881,-0.1693290734824282,-0.0370874792566522,16.990625426490137,0.0265672851738425
TAOUSDT,1770375600000,MOMENTUM,LONG,0.0416796074290326,-0.065998329156224,0.0030813149121948,4.192938379287788,0.0220248743504557
TAOUSDT,1770645600000,MOMENTUM,SHORT,-0.0414859167837722,-0.0690166755682155,-0.0282529699141523,8.449505011547084,0.0074852480512857
TAOUSDT,1770706800000,BREAKOUT,SHORT,-0.0367870192605437,-0.0468223325366181,-0.022073775777634,5.580590268796524,0.0116835520937623
TAOUSDT,1770750000000,BREAKOUT,SHORT,-0.0095158490323409,-0.0459528085712515,-0.0243227768856634,44.76709395909265,0.0087912087912087
TAOUSDT,1770854400000,RELATIVE,SHORT,-0.0111818921116834,-0.0567586786476178,-0.0315261842174561,2.912157428542953,0.0165708802882402
TAOUSDT,1770973200000,RELATIVE,LONG,0.0509882747068677,0.0359949805164785,0.0424590333494562,0.912932370595871,0.0120444072056975
TAOUSDT,1771045200000,RELATIVE,LONG,0.1349341784495368,0.1977873544735318,0.1606257426387698,6.953702585910518,0.0205785783328474
TAOUSDT,1771218000000,MOMENTUM,LONG,0.0447024358487493,0.0082726844337399,0.0269472733076765,22.411035184064552,0.0111610620256826
TAOUSDT,1771264800000,RELATIVE,LONG,-0.0566284449808891,0.0285682952239951,0.0387211565644176,1.7201374610507945,0.0276225001142369
TAOUSDT,1771308000000,MOMENTUM,LONG,0.0365177524256317,-0.022178636089318,-0.01992995245438,7.354288348590417,0.0191842822609679
TAOUSDT,1771351200000,RELATIVE,LONG,0.0132695571671037,0.0502718839961615,0.06071882765776,1.2374512195051586,0.0176967086514825
TAOUSDT,1771441200000,BREAKOUT,SHORT,-0.0392544773011246,-0.0689672569496998,-0.0435140203851889,11.96317053696883,0.0132452894455712
TAOUSDT,1771491600000,RELATIVE,SHORT,-0.0030998477267782,-0.0569988168115642,-0.0398693435447028,0.8477439389084552,0.0105013365337406
TAOUSDT,1771538400000,RELATIVE,SHORT,-0.021214458893542,-0.0363478543915803,-0.0452813142181599,2.6743527469509405,0.0155540006916463
TAOUSDT,1771930800000,BREAKOUT,SHORT,-0.0340092327470343,-0.0430680173661359,0.0025930704620997,4.668077728508437,0.0117441689639378
TAOUSDT,1772031600000,MOMENTUM,LONG,0.0367431430050027,0.0686344238975817,0.0132608942075689,2.519867714117276,0.0128951747088186
TAOUSDT,1772092800000,RELATIVE,LONG,0.0129664941432852,0.0766691759800799,0.0336323034953718,1.7382399705853342,0.0136841053852832
TAOUSDT,1772154000000,RELATIVE,LONG,-0.0030877573131093,0.0232984875444839,0.0396719158929854,1.4020922954339752,0.0135808602634663
TAOUSDT,1772398800000,BREAKOUT,SHORT,-0.0347346119536129,-0.0428460858027421,-0.0179245306522775,5.49659674429505,0.0121626193364193
TAOUSDT,1772722800000,MOMENTUM,LONG,0.0324745034889961,0.0078067693597401,-0.0057481396153584,8.456514337948796,0.0111292658472278
TAOUSDT,1772802000000,BREAKOUT,SHORT,-0.0148136089858375,-0.0517079285490442,-0.0112272505261715,2.1856230173709235,0.0107599219463066
TAOUSDT,1772892000000,BREAKOUT,LONG,0.0459016393442623,0.0302929056687826,0.0488665374714656,14.788555867541952,0.0094314128202356
TAOUSDT,1772935200000,MOMENTUM,SHORT,-0.0426440384823263,0.0013001695873373,0.0154032147428783,6.480000165284759,0.0193844714535732
TAOUSDT,1773003600000,BREAKOUT,LONG,0.0510025416548998,0.0518937252685132,0.0538476129259116,9.006244254338561,0.013795909593416
TAOUSDT,1773514800000,RELATIVE,LONG,-0.0013393604553825,0.0294244542238328,0.0349525367705243,2.0562863288594557,0.0151628547479343
TAOUSDT,1773576000000,RELATIVE,LONG,0.0579843718693646,0.1204379562043795,0.1049084905283175,1.051920529269292,0.0243975023537177
TAOUSDT,1773759600000,RELATIVE,SHORT,-0.0380142641323824,-0.0621018017400836,-0.0731930536069886,1.159258582676008,0.0199877913255802
TAOUSDT,1773838800000,BREAKOUT,SHORT,-0.0543081125181795,-0.0336378135421197,-0.0147295266689934,3.911536802248095,0.0169220876647733
TAOUSDT,1773892800000,BREAKOUT,SHORT,-0.0267654394520343,-0.053028107794842,-0.0095351237025829,2.793901366930034,0.0191467039692253
TAOUSDT,1774162800000,RELATIVE,LONG,0.0167122787812441,0.0237727807172249,0.0465714728458237,1.8312332225935812,0.0187140139765484
TAOUSDT,1774209600000,MOMENTUM,SHORT,-0.0329322816328014,-0.022629587450865,0.0086063340720619,1.0087641043781668,0.0161570059333637
TAOUSDT,1774454400000,RELATIVE,LONG,0.0776257066349299,0.1694110809763656,0.1558352477349027,1.310294795721425,0.0278523900241783
TAOUSDT,1774497600000,MOMENTUM,SHORT,-0.0620668709793202,0.0107408509372208,0.0080755763248101,2.710030841011284,0.0335201873867206
TAOUSDT,1775718000000,RELATIVE,SHORT,-0.0294829150287269,-0.0643129937902685,-0.0543132448299914,1.9322993231703856,0.0100082344824516
TAOUSDT,1775779200000,BREAKOUT,SHORT,-0.0534452844218614,-0.0599692307692307,-0.0701570062833711,5.464271864429499,0.0246215929335958
TAOUSDT,1776164400000,RELATIVE,SHORT,-0.0389973210868732,-0.03363478930152,-0.0845710796936718,1.6853306651857758,0.0121062482577356
TAOUSDT,1776211200000,RELATIVE,SHORT,-0.0431602925308715,-0.0801767191701882,-0.0763945800633002,2.1923428430541687,0.0176341429943735
TAOUSDT,1776538800000,BREAKOUT,SHORT,-0.0422744515271206,-0.0581131494942501,-0.038674065885958,3.838150083637215,0.011401154990375
TAOUSDT,1776582000000,RELATIVE,SHORT,-0.0124948958758677,-0.0542411325329474,-0.0318802104368122,1.0615806677629531,0.0093213931288691
TAOUSDT,1776844800000,MOMENTUM,LONG,0.0303357264389758,0.0051008015545299,-0.0200825641696889,1.0716274506502523,0.0101555847085088
TAOUSDT,1776888000000,RELATIVE,SHORT,-0.010472047688094,0.0195460015769597,-0.0311107764172771,6.394266260939054,0.0079545983160441
TAOUSDT,1776985200000,MOMENTUM,LONG,0.0368362236662389,0.0130211492579561,0.0176727442814877,2.8592472380584386,0.0106810677646173
TAOUSDT,1777057200000,RELATIVE,LONG,0.015975222104491,0.0295696704385892,0.0304724439235782,0.8612113858908674,0.0079708899203484
TAOUSDT,1777453200000,RELATIVE,LONG,0.0190394444227692,0.0445093177637367,0.0421609373521452,1.7939426999371757,0.0090300985051932
TAOUSDT,1777636800000,MOMENTUM,LONG,0.0521268057784911,0.047084664536741,0.02879611983404,1.3989706055615514,0.0074564247301575
TAOUSDT,1777680000000,RELATIVE,LONG,0.0328769213166024,0.086717495987159,0.0622393504445457,10.626216191708002,0.013187949379375
TAOUSDT,1777726800000,RELATIVE,LONG,0.0191881100266193,0.0444814913045126,0.0403024060013266,2.6028801795225758,0.0101285698739175
TAOUSDT,1777770000000,RELATIVE,LONG,0.0332281350890555,0.0530538302277432,0.0502229630447241,4.364005399861915,0.0124535437178066
TAOUSDT,1777827600000,RELATIVE,LONG,0.0183845374156792,0.0501712020183817,0.0475724712904948,1.6679585939114498,0.0099554322192205
TAOUSDT,1777953600000,RELATIVE,SHORT,0.0233023588277341,-0.0240310870232129,-0.0312268376054145,1.30990535046648,0.0116652696283878
TAOUSDT,1778605200000,RELATIVE,SHORT,-0.0437310493576318,-0.0509694431518535,-0.0317864850759386,3.183926289374189,0.0119008704423191
TAOUSDT,1779116400000,RELATIVE,SHORT,-0.0196653835893134,-0.053013290137319,-0.0319312001067311,2.211690414841798,0.0106797140968893
TAOUSDT,1779282000000,BREAKOUT,LONG,0.0310641110376734,0.0231876229792815,0.0142905967602315,1.584910678454589,0.0079400991165697
TAOUSDT,1779451200000,BREAKOUT,LONG,0.0440062866123731,0.0446406233246361,0.0417144072537745,4.278341512367357,0.0108775342626444
TAOUSDT,1779494400000,MOMENTUM,SHORT,-0.0923087450390035,-0.0523646235176452,-0.0255632237715587,1.0635537075683494,0.0203866243067147
TAOUSDT,1779814800000,RELATIVE,LONG,0.0024989587671802,0.0358628604217472,0.0509554273936456,2.136441209456543,0.0187844975962965
TAOUSDT,1779901200000,RELATIVE,SHORT,0.002877645430372,-0.0468079213405344,-0.0303629170414431,0.9689945368516516,0.0137709885639567
TAOUSDT,1780246800000,MOMENTUM,SHORT,-0.0329611089718906,-0.0123097494789005,-0.0068522638736445,1.442309686555818,0.0089904322005938
TAOUSDT,1780300800000,BREAKOUT,SHORT,-0.0151617117295436,-0.0319844357976654,-0.0177261201399298,5.652361962734432,0.0129288068632067
TAOUSDT,1780344000000,RELATIVE,LONG,0.0326794758421096,0.0170222873203753,0.0436370726775513,4.537601527382617,0.0123778755206103
TAOUSDT,1780426800000,MOMENTUM,SHORT,-0.0482511923688393,-0.0510422445906316,0.0069359481765755,3.0520420063101543,0.0200063237522521
TAOUSDT,1781121600000,RELATIVE,SHORT,-0.0194883698438028,-0.0367238348615136,-0.0341459546846065,1.060166745481935,0.0189245554209057
TAOUSDT,1781470800000,RELATIVE,LONG,-0.0149791852512638,0.038074346821262,0.0423728583721502,1.7268083228948352,0.0222687014506191
TAOUSDT,1781683200000,RELATIVE,SHORT,0.0091812101784796,-0.0538364499851587,-0.0412741964368571,10.04192805268845,0.0147417188121474
TAOUSDT,1782100800000,MOMENTUM,SHORT,-0.0323399932272265,-0.0360531309297913,-0.028861634629584,3.483556372853032,0.0133545806774153
TAOUSDT,1782158400000,RELATIVE,SHORT,-0.0047401534086012,-0.0325067024128685,-0.036720227141615,2.225372827864663,0.0108336632193577
TAOUSDT,1782676800000,BREAKOUT,SHORT,-0.0216402547038828,-0.0236969088911185,-0.0120168681955028,6.1951680494741534,0.0087420042643923
TAOUSDT,1782824400000,BREAKOUT,SHORT,-0.0309318148916663,-0.0227261667234416,0.0029304785028835,5.0024632818037125,0.0074800460967177
TAOUSDT,1783342800000,MOMENTUM,SHORT,-0.0372954986597652,-0.0182854988453744,-0.0026092534910884,5.849289427299364,0.0098925365355205
TAOUSDT,1784228400000,MOMENTUM,SHORT,-0.0307453881917713,-0.0193718071923525,-0.0100460216885041,1.7332822707755375,0.0111814377081552
TAOUSDT,1784631600000,MOMENTUM,LONG,0.0300272507583938,0.0265962898431897,-0.0026553219358658,4.176028723088423,0.0074947764759575
TAOUSDT,1784775600000,BREAKOUT,SHORT,-0.0201173932674459,-0.0282587064676617,-0.020627571800313,1.3005727837042529,0.0087585208156578
TAOUSDT,1784901600000,BREAKOUT,SHORT,-0.0228497409326424,-0.0273852501289324,-0.0158980146660434,56.13934918215644,0.0084953754554475
TAOUSDT,1785225600000,MOMENTUM,SHORT,-0.0363777089783282,-0.0550045541949195,-0.0286406905421715,2.2777130227340976,0.009772423025435
TAOUSDT,1785272400000,MOMENTUM,LONG,0.0319103521878334,0.0016575157981975,0.0176366845180162,1.424996538549365,0.0083625134819674
TAOUSDT,1786233600000,BREAKOUT,LONG,0.0387261146496815,0.0527810773124,0.0521307038870897,13.142066627291822,0.0072111846946284
TAOUSDT,1786280400000,RELATIVE,LONG,-0.0125011974327043,0.0469202254608236,0.0477051536091165,0.9183578758316248,0.0159577048067129
TIAUSDT,1768431600000,RELATIVE,SHORT,-0.0342521611482629,-0.0420643908752629,-0.0538055687963734,8.880194089104544,0.0078172123434747
TIAUSDT,1768611600000,BREAKOUT,LONG,0.0393559928443647,0.0356506238859177,0.0374666070483228,78.59794585664636,0.0077821490041799
TIAUSDT,1768867200000,RELATIVE,SHORT,0.0149958915365653,-0.0871974875300203,-0.0761919976020089,33.75576430401366,0.0085147598808801
TIAUSDT,1769666400000,BREAKOUT,SHORT,-0.021111111111111,-0.0269494146233708,-0.0167963493881578,27.717398079176277,0.0080103778174152
TIAUSDT,1769893200000,RELATIVE,SHORT,-0.0745501285347044,-0.1169977924944812,-0.0464117030003178,8.21265673776095,0.0221825396825396
TIAUSDT,1770152400000,RELATIVE,LONG,0.0199946680885096,0.019451105782041,0.0388762049603875,34.507763561627975,0.0160555597042789
TIAUSDT,1770303600000,MOMENTUM,SHORT,-0.0372413793103448,-0.0633387010198605,0.0032390643183101,1.52129339135715,0.011011051985264
TIAUSDT,1770375600000,MOMENTUM,LONG,0.0316800000000001,-0.0946363381072732,-0.0255566940388543,1.015153135295398,0.0087513293158454
TIAUSDT,1770584400000,RELATIVE,SHORT,-0.0264317180616739,-0.0402431962941516,-0.0575332066540761,1.004608876823032,0.0073260073260073
TIAUSDT,1770850800000,MOMENTUM,LONG,0.0345629777334663,-0.0145615701171256,0.0039997221973778,5.479420892541907,0.0082602909458033
TIAUSDT,1771282800000,BREAKOUT,LONG,0.0126025791324735,0.026745913818722,0.0326717903395206,2.678768909754825,0.0072565639859416
TIAUSDT,1771466400000,RELATIVE,SHORT,-0.0264959809467102,-0.0455341506129597,-0.04100456606568,24.94314185228605,0.0092835299257317
TIAUSDT,1771538400000,RELATIVE,SHORT,-0.0160791589363019,-0.0286935286935287,-0.0376269885201082,1.321899109792285,0.0070934722097512
TIAUSDT,1771830000000,RELATIVE,SHORT,-0.0440753752794633,-0.0745207173778602,-0.0409053073127938,9.071777220309976,0.0086869361844303
TIAUSDT,1772024400000,BREAKOUT,LONG,0.0875083500334001,0.1105047748976806,0.0615039806165049,14.991413136676004,0.0092356967356967
TIAUSDT,1772078400000,RELATIVE,LONG,-0.0130385487528345,0.1170997754250884,0.0738236010352326,1.561916180892913,0.020452121112661
TIAUSDT,1772125200000,BREAKOUT,SHORT,-0.0557151062607697,-0.1084598698481562,-0.0848201884833308,91.81410299981872,0.0102320125130344
TIAUSDT,1772384400000,RELATIVE,LONG,-0.0374622356495468,0.0469930989155438,0.0307095283664708,2.288545188158097,0.0079589274504528
TIAUSDT,1772442000000,RELATIVE,SHORT,0.0258983489802524,-0.0440422322775263,-0.0394610125728707,2.3467306926751594,0.0096244872199432
TIAUSDT,1772773200000,RELATIVE,LONG,0.0280095351609057,0.0192023633677989,0.0494960264280771,2.587839773459231,0.0105383022774327
TIAUSDT,1772820000000,BREAKOUT,SHORT,-0.0553765016114854,-0.0271575135787566,0.0116321559052977,1.3972561681394806,0.0119859978730946
TIAUSDT,1772938800000,BREAKOUT,SHORT,-0.0337148159604081,-0.046979865771812,-0.0259802507232832,7.231214499047319,0.0070193890616425
TIAUSDT,1773846000000,BREAKOUT,SHORT,-0.0708724832214764,-0.0597663678348273,-0.0169629217114472,4.6206988513894665,0.0080695092252445
TIAUSDT,1774148400000,MOMENTUM,SHORT,-0.0321224857400179,-0.0341521869382862,-0.0139894992965781,7.924777647805704,0.0085740872031194
TIAUSDT,1775696400000,BREAKOUT,SHORT,-0.058729652090648,-0.034697217675941,-0.0219750612571741,925.3217635333908,0.0092283098386862
TIAUSDT,1776949200000,RELATIVE,SHORT,-0.0241426611796981,-0.0846628924343797,-0.0799587555309501,5.979108300648362,0.007008313586891
TIAUSDT,1777953600000,RELATIVE,LONG,0.0581294964028777,0.0392877331825891,0.0320919826003875,4.619082215509714,0.0121022572749524
TIAUSDT,1778230800000,BREAKOUT,LONG,0.0475452196382428,0.0400205233453052,0.0568046100554912,6.091982406668009,0.0098139403763478
TIAUSDT,1778605200000,MOMENTUM,SHORT,-0.0438132981065609,-0.0299307572034843,-0.0107477991275694,150.18900141885612,0.0115456728397092
TIAUSDT,1779314400000,RELATIVE,LONG,0.0439450686641698,0.0753600823045268,0.068527911709503,186.1702948984717,0.0081320258311408
TIAUSDT,1779440400000,RELATIVE,LONG,0.0478116079923882,0.0855101034992606,0.0939066894012132,9.6030422616058,0.0070374574347332
TIAUSDT,1779487200000,MOMENTUM,SHORT,-0.043010752688172,0.0030523597088518,0.0248166382091713,1.1987072529124387,0.0153323970037453
TIAUSDT,1779541200000,RELATIVE,SHORT,-0.0470841300191204,-0.1302356020942408,-0.0944376193763815,0.9801301366871914,0.0078111003618904
TIAUSDT,1779667200000,RELATIVE,SHORT,-0.0172903837044056,-0.0451093210586881,-0.0492191350808053,17.469259777390512,0.0072995213993044
TIAUSDT,1779710400000,MOMENTUM,LONG,0.0373583996143649,0.0194220748460445,0.0189872950503651,5.636926301032934,0.0090447424322888
TIAUSDT,1779814800000,RELATIVE,LONG,0.0187234042553192,0.0307857911733044,0.0458783581452029,1.147640406785656,0.0191251939372239
TIAUSDT,1779919200000,BREAKOUT,SHORT,-0.0280229479258605,-0.0763262738519605,-0.0573656922500248,26.268388154790763,0.0225879682179341
TIAUSDT,1780243200000,RELATIVE,SHORT,-0.0319645930661421,-0.0378787878787879,-0.0343404933529926,0.95630700654901,0.0075837294531732
TIAUSDT,1780300800000,BREAKOUT,SHORT,-0.0328327818783406,-0.0507119660254808,-0.0364536503677452,192.6273378571707,0.0122180451127819
TIAUSDT,1780354800000,MOMENTUM,LONG,0.032969885773624,-0.0106911984087518,0.0236519790217534,748.1831825332745,0.0077729508491006
TIAUSDT,1780408800000,RELATIVE,LONG,-0.0022860045720092,0.0197300103842159,0.0604622534889266,27.82102743509483,0.0094559208612161
TIAUSDT,1780650000000,RELATIVE,SHORT,-0.0839650145772595,-0.083163116428363,-0.0645628092009723,87.14866863905327,0.0156860962080567
TIAUSDT,1781064000000,RELATIVE,LONG,0.004691898654989,0.0388098318240621,0.0599435177833129,6.160688596280843,0.0116304927948763
TIAUSDT,1781132400000,RELATIVE,SHORT,-0.0347331859804229,-0.056190182154986,-0.0509332182583163,4.772167813824345,0.0106547034908173
TIAUSDT,1781658000000,RELATIVE,LONG,0.0578294164246107,0.0682666666666667,0.0763629705476368,1.0954622303549713,0.0178125668639897
TIAUSDT,1781701200000,RELATIVE,LONG,-0.0064902646030953,0.0509638236070768,0.0719045049812724,0.8252405518018648,0.0178571428571428
TIAUSDT,1782118800000,BREAKOUT,LONG,0.0460365023154454,0.0386800108195835,0.0362497613243877,2.7053700031544183,0.0070870535714285
TIAUSDT,1782162000000,RELATIVE,LONG,0.0223958333333333,0.0694633614818851,0.0602121255549987,2.2296417470159478,0.0174841714576814
TIAUSDT,1782734400000,MOMENTUM,LONG,0.0349519743863393,0.0207894736842104,0.0272187639257149,20.01702702862466,0.0190586675505469
TIAUSDT,1782788400000,RELATIVE,LONG,-0.0125407574617506,0.0382383966244725,0.0351077935564816,4.354308837241542,0.0126093109329075
TIAUSDT,1782838800000,RELATIVE,SHORT,-0.0664784394250512,-0.08549157656525,-0.0622421332055977,1.261906448087911,0.0143564161985937
TIAUSDT,1783288800000,MOMENTUM,LONG,0.0317010309278349,0.0062845651080944,0.0094504525523396,1.4564113219133528,0.0089754112986688
TIAUSDT,1783350000000,MOMENTUM,SHORT,-0.0393740535083291,-0.0188192833204434,-0.0065420940768413,1.0185150251153814,0.0153892350424142
TIAUSDT,1783548000000,RELATIVE,LONG,0.008909853249476,0.0158311345646438,0.0353984949583253,2.099864088253921,0.0120222634508349
TIAUSDT,1783778400000,MOMENTUM,LONG,0.0347394540942926,0.0150925024342745,0.0187774838464525,2.546632070416325,0.0081192189105858
TIAUSDT,1784206800000,BREAKOUT,SHORT,-0.0401913875598085,-0.0447619047619046,-0.0264664974987078,2.30081721752131,0.0085635949294972
TIAUSDT,1784250000000,BREAKOUT,SHORT,-0.0022432701894317,-0.0423444976076554,-0.0315650768679199,1.6822683177924649,0.0113486313836051
TIAUSDT,1784296800000,BREAKOUT,SHORT,-0.0391404451266309,-0.0728215255492471,-0.053905101580155,6.62053871416859,0.0128746386733607
TIAUSDT,1785236400000,RELATIVE,SHORT,0.0219474497681606,-0.0602615122228539,-0.0317237709566706,6.087455778505913,0.007799671592775
TIAUSDT,1785297600000,BREAKOUT,SHORT,-0.0407239819004525,-0.0392749244712991,-0.0457362991599576,9.20960953085969,0.0073899371069182
TIAUSDT,1785776400000,BREAKOUT,LONG,0.0430929095354524,0.0443696450428396,0.035065743452658,732.9674067037945,0.0088945628060775
RENDERUSDT,1767798000000,RELATIVE,SHORT,-0.0093776641091219,-0.0594900849858357,-0.0394771417686039,1.1452637810091362,0.0184103761986722
RENDERUSDT,1767841200000,RELATIVE,SHORT,-0.046471600688468,-0.0554134697357203,-0.0339020877190162,0.8852257876046058,0.0186952037132542
RENDERUSDT,1768431600000,BREAKOUT,SHORT,-0.0399833402748853,-0.049484536082474,-0.0612257140035845,1.350673302143722,0.0143786798884412
RENDERUSDT,1768492800000,RELATIVE,SHORT,0.0113843351548268,-0.0791873963515753,-0.0796186314212245,1.3452276542406472,0.0089406316331124
RENDERUSDT,1768780800000,BREAKOUT,SHORT,-0.0550500454959054,-0.055909090909091,-0.0403682093478527,65.973541047563,0.0118302496732925
RENDERUSDT,1768838400000,RELATIVE,SHORT,-0.0308136735676456,-0.0597851471275105,-0.0382122812465932,56.71187298142847,0.0127741111347668
RENDERUSDT,1769133600000,MOMENTUM,LONG,0.0302879841112215,0.0117016089712336,0.0136256851260124,4.479495302261572,0.0113253012048192
RENDERUSDT,1769230800000,RELATIVE,SHORT,-0.0373236024844719,-0.0409891956211326,-0.0395379410922176,4.8588515206376,0.0155585490276107
RENDERUSDT,1769274000000,RELATIVE,SHORT,-0.0076340462072785,-0.044672718585762,-0.0353333040140996,3.3510135214231904,0.0084368877933769
RENDERUSDT,1769644800000,RELATIVE,LONG,0.0,0.0584137191854232,0.0576356634950221,1.084901138308872,0.0172151898734177
RENDERUSDT,1769688000000,BREAKOUT,SHORT,-0.089113924050633,-0.089113924050633,-0.0641113142907974,1.655080645822563,0.0150083379655364
RENDERUSDT,1769893200000,RELATIVE,SHORT,-0.084870848708487,-0.1142857142857142,-0.0436996247915507,1.2350108562391475,0.0261616743471582
RENDERUSDT,1769965200000,MOMENTUM,SHORT,-0.0459697732997482,-0.0123859191655802,0.0232367270418958,4.880251069144166,0.008015087223008
RENDERUSDT,1770152400000,BREAKOUT,LONG,0.0226557583385778,0.0258838383838382,0.0453089375621847,23.645263946173003,0.0192967032967033
RENDERUSDT,1770260400000,RELATIVE,LONG,0.0060321715817692,-0.0234222511385816,0.0358302184825433,0.8115950050367781,0.0116588940706195
RENDERUSDT,1770303600000,MOMENTUM,SHORT,-0.0539640239840106,-0.0482573726541555,0.018320392684015,3.346701002939516,0.0117203219315895
RENDERUSDT,1770397200000,BREAKOUT,LONG,0.1499202551834131,0.0533235938641343,0.0294344486382283,1.8816619581966143,0.0159500693481276
RENDERUSDT,1770588000000,BREAKOUT,SHORT,-0.0381844380403457,-0.0354046242774566,-0.0525821939673161,8.442947184578854,0.0123060460139111
RENDERUSDT,1770631200000,BREAKOUT,SHORT,-0.0119850187265917,-0.0497118155619595,-0.0424607456618169,12.817289772960132,0.0097476443192895
RENDERUSDT,1770814800000,MOMENTUM,SHORT,-0.032183908045977,-0.032183908045977,-0.010728273316783,35.707852810051044,0.008143875127248
RENDERUSDT,1770883200000,RELATIVE,LONG,0.0331230283911672,0.0380348652931854,0.0351824391637083,9.19689669342718,0.0105234460196292
RENDERUSDT,1770998400000,BREAKOUT,LONG,0.0472136222910215,0.0336134453781513,0.0104680845841362,2.076855224781849,0.0096082779009608
RENDERUSDT,1771052400000,RELATIVE,LONG,0.020393299344501,0.0852052672347019,0.0465461767025083,3.301298768167214,0.0073416947078617
RENDERUSDT,1771225200000,MOMENTUM,LONG,0.0416966211358735,-0.0327102803738317,-0.0049339236723203,1.4708687012643544,0.012866015971606
RENDERUSDT,1771347600000,RELATIVE,LONG,0.0041011619958988,0.0301542776998597,0.0353703566057653,0.9188154655932352,0.0124477292618885
RENDERUSDT,1771513200000,RELATIVE,SHORT,-0.0507544581618656,-0.0428769017980636,-0.0308562328553525,0.9500640204865556,0.0160507844756399
RENDERUSDT,1771938000000,MOMENTUM,SHORT,-0.0304127443881245,-0.0596910112359549,-0.0099227198416277,11.327633662592824,0.0107756321348554
RENDERUSDT,1772024400000,BREAKOUT,LONG,0.0637982195845696,0.0709484690067214,0.0219476747255458,2.640213743159285,0.0121538155010958
RENDERUSDT,1772067600000,RELATIVE,LONG,0.0306834030683402,0.0964391691394657,0.0321621127005427,3.730698422966538,0.0157065532572975
RENDERUSDT,1772125200000,BREAKOUT,SHORT,-0.0474898236092266,-0.0664893617021277,-0.0428496803373023,4.898662898614949,0.0123626373626373
RENDERUSDT,1772384400000,MOMENTUM,SHORT,-0.0463808854532677,0.021068472535741,0.0047849019866681,4.182207847542601,0.0145278450363195
RENDERUSDT,1772805600000,MOMENTUM,SHORT,-0.031205673758865,-0.0249821556031405,0.0198822585239658,3.921396393701464,0.010928676009203
RENDERUSDT,1772906400000,RELATIVE,LONG,0.0260029717682019,0.0282948622486969,0.0308475989325831,22.82369334580264,0.0077583531602358
RENDERUSDT,1772956800000,RELATIVE,LONG,0.0132158590308368,0.0275502606105733,0.0347768023711358,4.638374347028384,0.0077122153209109
RENDERUSDT,1773151200000,RELATIVE,LONG,0.0530410183875531,0.0605413105413106,0.047113236295371,105.88660361971466,0.0115609709296747
RENDERUSDT,1773529200000,MOMENTUM,LONG,0.0446479679450486,0.0189838079285316,0.0203430487882726,1.08649913892206,0.0082191780821917
RENDERUSDT,1773759600000,BREAKOUT,SHORT,-0.0645497136907861,-0.0217746325530756,-0.0328658844199807,10.492006682367498,0.0141903171953255
RENDERUSDT,1773820800000,RELATIVE,SHORT,-0.0099392600773053,-0.0447522642514651,-0.0397758526848455,1.1581640173161696,0.0076089554617161
RENDERUSDT,1773907200000,BREAKOUT,SHORT,-0.0297653119633658,-0.0546569994422754,-0.0046060790838827,2.243480355674516,0.0095238095238095
RENDERUSDT,1774170000000,MOMENTUM,SHORT,-0.0387323943661972,-0.0421052631578947,-0.0165332768473038,4.877843590259351,0.0099860457003314
RENDERUSDT,1774216800000,BREAKOUT,SHORT,-0.0128205128205127,-0.051056338028169,-0.0161010684299106,7.644671371530833,0.0075094973054156
RENDERUSDT,1774454400000,RELATIVE,LONG,0.0269511510387423,0.0720984759671747,0.0585226427257119,5.038859811687145,0.0176130594391939
RENDERUSDT,1776168000000,RELATIVE,SHORT,-0.0233766233766234,0.0167658193618172,-0.0319606479693013,22.232454768085898,0.0082446808510638
RENDERUSDT,1776214800000,RELATIVE,SHORT,-0.0159574468085105,-0.02682798527091,-0.0321621820048273,5.243710425144115,0.0118918918918918
RENDERUSDT,1776538800000,RELATIVE,SHORT,-0.0367170626349891,-0.0674333507579717,-0.0479942671496795,19.11178746603729,0.0096893017296604
RENDERUSDT,1777798800000,RELATIVE,LONG,0.0243764172335601,0.0567251461988302,0.0557848475006839,27.47294117647059,0.0071547157878093
RENDERUSDT,1778605200000,BREAKOUT,SHORT,-0.0272822665267574,-0.0540816326530612,-0.0348986745771462,48.17875080796637,0.0091308368007397
RENDERUSDT,1779210000000,BREAKOUT,LONG,0.005437737901033,0.0475920679886685,0.0414178950411292,118.5673725048224,0.0079193386386463
RENDERUSDT,1779289200000,BREAKOUT,LONG,0.0599999999999998,0.065921787709497,0.0520882976734335,17.728028356947718,0.0073000898472596
RENDERUSDT,1779444000000,RELATIVE,LONG,0.038085434894493,0.0413009808982962,0.0455277850220076,0.8603836510514362,0.0074367873078829
RENDERUSDT,1779487200000,MOMENTUM,SHORT,-0.0604858701041149,-0.024704065877509,-0.0029397873771895,1.6016376994632602,0.0214097248398039
RENDERUSDT,1779663600000,RELATIVE,LONG,0.0182370820668691,0.0414507772020724,0.0384772890627105,6.343582942146994,0.0130419331911869
RENDERUSDT,1779706800000,BREAKOUT,LONG,0.0472636815920399,0.0663627152988854,0.0617545935978081,27.9580550881649,0.0129623345775364
RENDERUSDT,1779814800000,RELATIVE,LONG,0.0548245614035087,0.0539000876424189,0.0689926546143173,7.831757410746178,0.0341253341253341
RENDERUSDT,1779904800000,RELATIVE,SHORT,-0.0425155004428697,-0.07329618516931,-0.0590252803486316,0.9203218190297072,0.0227302761992863
RENDERUSDT,1780239600000,BREAKOUT,SHORT,-0.0263915547024953,-0.0263915547024953,-0.0220163923085928,3.469689321769609,0.0145743856931633
RENDERUSDT,1780282800000,RELATIVE,LONG,0.054706752094628,0.0268714011516315,0.0308087492477698,1.2310749351737047,0.0168891855807743
RENDERUSDT,1780326000000,BREAKOUT,SHORT,-0.0836448598130841,-0.0335140463282404,-0.0059896515590986,3.004699948167619,0.019924236905369
RENDERUSDT,1780369200000,MOMENTUM,LONG,0.0984191738908719,0.0065420560747662,0.0466283260765554,1.880985944068836,0.0267608436132113
RENDERUSDT,1780412400000,RELATIVE,LONG,-0.0181058495821725,0.0785313615502294,0.1282000367121181,4.397419696676605,0.0277271192164809
RENDERUSDT,1781082000000,BREAKOUT,SHORT,-0.0417434008594229,-0.0522161505768064,-0.0269730642883376,1.81058827821899,0.0100210487782557
RENDERUSDT,1781125200000,RELATIVE,SHORT,-0.0294682895579756,-0.0699815837937385,-0.0642725589634239,1.0671493495161175,0.0152286657237152
RENDERUSDT,1781658000000,MOMENTUM,SHORT,-0.0369955156950673,-0.0375350140056022,-0.029438710124632,1.5048631051797328,0.0154664892732413
RENDERUSDT,1782169200000,BREAKOUT,SHORT,-0.0274135876042908,-0.0209958008398321,-0.0236299834357249,12.649164636718112,0.0072216386554621
RENDERUSDT,1782633600000,RELATIVE,SHORT,-0.0044757033248082,-0.0406654343807764,-0.0352770617651436,2.8233428758316736,0.0073401229470593
