route,family,entry_rule_tokens,entry_rule_text,source_side,side_transform,entry_delay_h,exit_policy,requested_gross_policy,rank_policy,minlift,opposite_preemption,route_slots,same_side_virtual_leg,opposite_side_policy,recovery_family_cap,v12_total_cap,crypto_total_cap,portfolio_total_cap,observed_requested_gross_median_10bps,observed_requested_gross_min_10bps,observed_requested_gross_max_10bps,observed_rank_values_10bps,observed_planned_exit_reasons_10bps,10bps_trades,10bps_wins,10bps_losses,10bps_win_rate,10bps_pf_usd,10bps_net_pnl_usd,10bps_mean_net_pnl_usd,20bps_trades,20bps_wins,20bps_losses,20bps_win_rate,20bps_pf_usd,20bps_net_pnl_usd,20bps_mean_net_pnl_usd,30bps_trades,30bps_wins,30bps_losses,30bps_win_rate,30bps_pf_usd,30bps_net_pnl_usd,30bps_mean_net_pnl_usd
CONT_SHORT_MID_AGE24_48,ROBUST_COMPLEMENT,SIDE_SHORT|AGE_24_48|RET6_05_15|EMA_GE_1ATR,SHORT; age 24-48h; signed 6h return 0.5%-1.5%; EMA12 distance >= 1 ATR,SHORT,KEEP_SOURCE_SIDE,0,INHERIT_V12_STATE_EXIT,MAX_0.25X,rank 8,YES_TO_MIN_VENUE_QTY_MAX_0.30X,PROTECTED,ROBUST_POLICY,YES,EXCLUSIVE_OR_REC_Y_PREEMPT_X_G,,2.00X,3.00X,4.25X,0.25,0.1,0.25,8,STOP|TRAILING_CROSSED_BEFORE_REPLACEMENT,21,12,9,0.5714285714285714,1.5776564591314832,637.8947932585924,30.375942536123446,21,11,10,0.5238095238095238,1.3316396462177498,242.968727636001,11.569939411238144,21,7,14,0.3333333333333333,1.0830001065021249,41.02549259530002,1.9535948854904772
FAILED_BREAK_REV_SHORT_6H,CORE,FRESH_UPWARD_90H_ONSET|STRUCTURAL_UP_BREAK|FAIL_BACK_BELOW_LEVEL_WITHIN_6H|OPPOSITE_CLV_BODY_CONFIRM,fresh upward ~90h onset; structural upward breakout; fail below breakout within 6h; opposite CLV/body confirm; enter SHORT next H1 open,LONG setup -> SHORT reversal,FORCE_SHORT,0,INHERIT_V12_STATE_EXIT,INHERIT_CORE_DYNAMIC_UP_TO_1.0X,core rank 1/2,NO,PROTECTED,CORE_POLICY,YES,EXCLUSIVE_OR_REC_Y_PREEMPT_X_G,,2.00X,3.00X,4.25X,1.0,0.4290804480860847,1.0,1|2,STATE_STOP|STATE_TP|STATE_TRAIL_CROSSED_QUOTE,55,33,22,0.6,2.8131397249102474,13994.270512931555,254.441282053301,55,29,26,0.5272727272727272,1.9541879695293005,5936.16950362809,107.93035461141982,55,27,28,0.4909090909090909,1.4688695910913852,2098.3520053139214,38.1518546420713
REC_G1_MID_REL_LOWVOL,RECOVERY_G,SIDE_SHORT|RET6_05_15|REL12_POS|VOL_LT1,SIDE_SHORT AND RET6_05_15 AND REL12_POS AND VOL_LT1,SHORT,KEEP_SOURCE_SIDE,0,INHERIT_V12_STATE_EXIT,0.10X,rank 9,YES_TO_MIN_VENUE_QTY_MAX_0.30X,PREEMPTIBLE_BY_OPPOSITE_REC_Y,16,YES,EXCLUSIVE_OR_REC_Y_PREEMPT_X_G,1.00X,2.00X,3.00X,4.25X,0.1,0.1,0.1,9,STOP|TRAILING_CROSSED_BEFORE_REPLACEMENT,25,14,11,0.56,10.044987801281104,1170.763396907819,46.83053587631276,25,13,12,0.52,5.793253762243038,570.0538499090616,22.802153996362463,25,11,14,0.44,3.649185542643708,268.6736925793244,10.746947703172975
REC_G2_EARLY_BTC_OPPOSE_VOL,RECOVERY_G,SIDE_SHORT|AGE_0_24|BTC6_OPPOSE|VOL_GE1,SIDE_SHORT AND AGE_0_24 AND BTC6_OPPOSE AND VOL_GE1,SHORT,KEEP_SOURCE_SIDE,0,INHERIT_V12_STATE_EXIT,0.10X,rank 9,YES_TO_MIN_VENUE_QTY_MAX_0.30X,PREEMPTIBLE_BY_OPPOSITE_REC_Y,16,YES,EXCLUSIVE_OR_REC_Y_PREEMPT_X_G,1.00X,2.00X,3.00X,4.25X,0.1,0.1,0.1,9,STOP|TAKE_PROFIT|TRAILING_CROSSED_BEFORE_REPLACEMENT,54,26,28,0.48148148148148145,2.203159571340237,414.64268769656934,7.67856829067721,54,22,32,0.4074074074074074,1.2776274874300884,85.84326666752352,1.589690123472658,53,19,34,0.3584905660377358,0.8100611941652552,-50.37121873402509,-0.9504003534721716
REC_G3_LATE_BTC_REL,RECOVERY_G,SIDE_SHORT|AGE_72_97|BTC6_ALIGNED|REL12_POS,SIDE_SHORT AND AGE_72_97 AND BTC6_ALIGNED AND REL12_POS,SHORT,KEEP_SOURCE_SIDE,0,INHERIT_V12_STATE_EXIT,0.10X,rank 9,YES_TO_MIN_VENUE_QTY_MAX_0.30X,PREEMPTIBLE_BY_OPPOSITE_REC_Y,16,YES,EXCLUSIVE_OR_REC_Y_PREEMPT_X_G,1.00X,2.00X,3.00X,4.25X,0.1,0.1,0.1,9,STOP|TAKE_PROFIT|TRAILING_CROSSED_BEFORE_REPLACEMENT,72,40,32,0.5555555555555556,1.4566157288492252,829.6935269950874,11.523521208265102,72,36,36,0.5,1.2126270090442586,261.7964979664945,3.6360624717568677,72,34,38,0.4722222222222222,1.0256554602994445,20.535416136742626,0.28521411301031424
REC_G4_MATURE_REL_RANGE,RECOVERY_G,SIDE_SHORT|AGE_48_72|REL24_POS|RANGE_NOT_TOP25,SIDE_SHORT AND AGE_48_72 AND REL24_POS AND RANGE_NOT_TOP25,SHORT,KEEP_SOURCE_SIDE,0,INHERIT_V12_STATE_EXIT,0.10X,rank 9,YES_TO_MIN_VENUE_QTY_MAX_0.30X,PREEMPTIBLE_BY_OPPOSITE_REC_Y,16,YES,EXCLUSIVE_OR_REC_Y_PREEMPT_X_G,1.00X,2.00X,3.00X,4.25X,0.1,0.1,0.1,9,STOP|TAKE_PROFIT|TRAILING_CROSSED_BEFORE_REPLACEMENT,34,16,18,0.47058823529411764,2.5664735259112157,1147.002462712128,33.7353665503567,34,15,19,0.4411764705882353,1.9156620434247345,516.6184842793939,15.194661302335115,34,14,20,0.4117647058823529,1.4554421727936462,190.17523514783068,5.593389269053843
REC_G5_SLOW_TREND,RECOVERY_G,SIDE_SHORT|RET6_0_05|BTC6_ALIGNED|ER24_LT30,SIDE_SHORT AND RET6_0_05 AND BTC6_ALIGNED AND ER24_LT30,SHORT,KEEP_SOURCE_SIDE,0,TIME_48H_FIXED_REFINED,0.10X,rank 9,YES_TO_MIN_VENUE_QTY_MAX_0.30X,PREEMPTIBLE_BY_OPPOSITE_REC_Y,16,YES,EXCLUSIVE_OR_REC_Y_PREEMPT_X_G,1.00X,2.00X,3.00X,4.25X,0.1,0.1,0.1,9,REC_G5_TIME48_REFINED,25,17,8,0.68,1.9989434278507925,561.3279882647221,22.453119530588882,25,17,8,0.68,1.8535091158193073,313.05117392643814,12.522046957057526,25,16,9,0.64,1.8002153365240108,188.87019363480823,7.5548077453923295
REC_X01_TIME_24H,RECOVERY_X,SIDE_SHORT|AGE_0_24|VOL_LT1|ER24_GE30,SIDE_SHORT AND AGE_0_24 AND VOL_LT1 AND ER24_GE30,SIDE_* token,KEEP_SOURCE_SIDE,0,TIME_24H,0.10X,rank 9,YES_TO_MIN_VENUE_QTY_MAX_0.30X,PREEMPTIBLE_BY_OPPOSITE_REC_Y,16,YES,EXCLUSIVE_OR_REC_Y_PREEMPT_X_G,1.00X,2.00X,3.00X,4.25X,0.1,0.1,0.1,9,TIME_24H,19,19,0,1.0,,3061.221288133066,161.1169099017403,19,19,0,1.0,,1793.347578357544,94.38671465039705,19,19,0,1.0,,1029.79167078812,54.19956162042737
REC_X02_TIME_36H,RECOVERY_X,SIDE_SHORT|AGE_24_48|BTC24_ALIGNED|REL12_NEG,SIDE_SHORT AND AGE_24_48 AND BTC24_ALIGNED AND REL12_NEG,SIDE_* token,KEEP_SOURCE_SIDE,0,TIME_36H,0.10X,rank 9,YES_TO_MIN_VENUE_QTY_MAX_0.30X,PREEMPTIBLE_BY_OPPOSITE_REC_Y,16,YES,EXCLUSIVE_OR_REC_Y_PREEMPT_X_G,1.00X,2.00X,3.00X,4.25X,0.1,0.1,0.1,9,TIME_36H,33,20,13,0.6060606060606061,3.9191484063636994,2960.2666012518916,89.7050485227846,33,20,13,0.6060606060606061,3.653409150728769,1695.5154737103592,51.379256779101794,33,20,13,0.6060606060606061,3.421857813104529,953.2237139965025,28.885567090803107
REC_X03_TIME_12H,RECOVERY_X,SIDE_SHORT|AGE_0_24|NO_BREAK24|ER24_GE30,SIDE_SHORT AND AGE_0_24 AND NO_BREAK24 AND ER24_GE30,SIDE_* token,KEEP_SOURCE_SIDE,0,TIME_12H,0.10X,rank 9,YES_TO_MIN_VENUE_QTY_MAX_0.30X,PREEMPTIBLE_BY_OPPOSITE_REC_Y,16,YES,EXCLUSIVE_OR_REC_Y_PREEMPT_X_G,1.00X,2.00X,3.00X,4.25X,0.1,0.1,0.1,9,TIME_12H,43,25,18,0.5813953488372093,2.7013147087044382,1588.9552725226586,36.95244819820136,43,24,19,0.5581395348837209,2.2555879521344053,775.8160111815843,18.042232818176377,43,23,20,0.5348837209302325,1.8695802779647073,349.70184751267766,8.132601104945993
REC_X04_TIME_24H,RECOVERY_X,SIDE_SHORT|AGE_48_72|NO_BREAK24|ER24_GE30,SIDE_SHORT AND AGE_48_72 AND NO_BREAK24 AND ER24_GE30,SIDE_* token,KEEP_SOURCE_SIDE,0,TIME_24H,0.10X,rank 9,YES_TO_MIN_VENUE_QTY_MAX_0.30X,PREEMPTIBLE_BY_OPPOSITE_REC_Y,16,YES,EXCLUSIVE_OR_REC_Y_PREEMPT_X_G,1.00X,2.00X,3.00X,4.25X,0.1,0.1,0.1,9,TIME_24H,19,14,5,0.7368421052631579,2.7346223945926735,1530.4873270068053,80.55196457930555,19,14,5,0.7368421052631579,2.5981045095052497,869.0256758479785,45.73819346568308,19,14,5,0.7368421052631579,2.3136132447179363,462.7528754331576,24.35541449648198
REC_X05_TIME_36H,RECOVERY_X,SIDE_SHORT|BTC24_ALIGNED|VOL_LT1|ER24_LT30,SIDE_SHORT AND BTC24_ALIGNED AND VOL_LT1 AND ER24_LT30,SIDE_* token,KEEP_SOURCE_SIDE,0,TIME_36H,0.10X,rank 9,YES_TO_MIN_VENUE_QTY_MAX_0.30X,PREEMPTIBLE_BY_OPPOSITE_REC_Y,16,YES,EXCLUSIVE_OR_REC_Y_PREEMPT_X_G,1.00X,2.00X,3.00X,4.25X,0.1,0.1,0.1,9,TIME_36H,31,20,11,0.6451612903225806,6.787412270955499,3683.2602386743615,118.81484640885037,31,19,12,0.6129032258064516,6.1951180125610374,2147.863362396537,69.28591491601732,31,18,13,0.5806451612903226,5.663253638768365,1217.8421233683557,39.28522978607599
REC_X06_TIME_12H,RECOVERY_X,SIDE_SHORT|EMA_10_20|REL24_POS|PULLBACK_025_15,SIDE_SHORT AND EMA_10_20 AND REL24_POS AND PULLBACK_025_15,SIDE_* token,KEEP_SOURCE_SIDE,0,TIME_12H,0.10X,rank 9,YES_TO_MIN_VENUE_QTY_MAX_0.30X,PREEMPTIBLE_BY_OPPOSITE_REC_Y,16,YES,EXCLUSIVE_OR_REC_Y_PREEMPT_X_G,1.00X,2.00X,3.00X,4.25X,0.1,0.1,0.1,9,TIME_12H,40,19,21,0.475,1.286827826027088,327.8110463345744,8.195276158364361,40,19,21,0.475,1.1870998098198708,135.3373833033635,3.383434582584088,40,18,22,0.45,1.08393533228075,39.15346912424234,0.9788367281060586
REC_X07_TIME_6H,RECOVERY_X,SIDE_SHORT|AGE_24_48|VOL_GE1|PULLBACK_025_15,SIDE_SHORT AND AGE_24_48 AND VOL_GE1 AND PULLBACK_025_15,SIDE_* token,KEEP_SOURCE_SIDE,0,TIME_6H,0.10X,rank 9,YES_TO_MIN_VENUE_QTY_MAX_0.30X,PREEMPTIBLE_BY_OPPOSITE_REC_Y,16,YES,EXCLUSIVE_OR_REC_Y_PREEMPT_X_G,1.00X,2.00X,3.00X,4.25X,0.1,0.1,0.1,9,TIME_6H,33,13,20,0.3939393939393939,1.6468567288188443,322.6419806989445,9.777029718149834,33,12,21,0.36363636363636365,1.2745803064496364,99.72865761428984,3.022080533766359,33,12,21,0.36363636363636365,0.9787020493354772,-5.639729536275675,-0.17090089503865682
REC_X08_TIME_48H,RECOVERY_X,SIDE_SHORT|AGE_72_97|REL12_POS|VOL_GE1,SIDE_SHORT AND AGE_72_97 AND REL12_POS AND VOL_GE1,SIDE_* token,KEEP_SOURCE_SIDE,0,TIME_48H,0.10X,rank 9,YES_TO_MIN_VENUE_QTY_MAX_0.30X,PREEMPTIBLE_BY_OPPOSITE_REC_Y,16,YES,EXCLUSIVE_OR_REC_Y_PREEMPT_X_G,1.00X,2.00X,3.00X,4.25X,0.1,0.1,0.1,9,TIME_48H,16,7,9,0.4375,2.3527806617862685,1874.3888696563288,117.14930435352055,16,7,9,0.4375,2.1915555957695467,1029.966994497533,64.37293715609582,16,7,9,0.4375,1.921332787999055,480.29388717683315,30.018367948552072
REC_X09_TIME_48H,RECOVERY_X,SIDE_LONG|AGE_72_97|BTC6_OPPOSE|RANGE_NOT_TOP25,SIDE_LONG AND AGE_72_97 AND BTC6_OPPOSE AND RANGE_NOT_TOP25,SIDE_* token,KEEP_SOURCE_SIDE,0,TIME_48H,0.10X,rank 9,YES_TO_MIN_VENUE_QTY_MAX_0.30X,PREEMPTIBLE_BY_OPPOSITE_REC_Y,16,YES,EXCLUSIVE_OR_REC_Y_PREEMPT_X_G,1.00X,2.00X,3.00X,4.25X,0.1,0.1,0.1,9,TIME_48H,9,5,4,0.5555555555555556,6.217556502487145,240.33178915614909,26.70353212846101,9,5,4,0.5555555555555556,4.624539506311089,124.07073244092977,13.785636937881087,9,5,4,0.5555555555555556,3.4095474261736562,60.1163912446652,6.679599027185023
REC_X10_TIME_48H,RECOVERY_X,SIDE_LONG|AGE_0_24|BTC24_ALIGNED|ER24_LT30,SIDE_LONG AND AGE_0_24 AND BTC24_ALIGNED AND ER24_LT30,SIDE_* token,KEEP_SOURCE_SIDE,0,TIME_48H,0.10X,rank 9,YES_TO_MIN_VENUE_QTY_MAX_0.30X,PREEMPTIBLE_BY_OPPOSITE_REC_Y,16,YES,EXCLUSIVE_OR_REC_Y_PREEMPT_X_G,1.00X,2.00X,3.00X,4.25X,0.1,0.1,0.1,9,TIME_48H,32,24,8,0.75,0.8597334677294343,-435.4606639915909,-13.608145749737215,32,24,8,0.75,0.8055206154131053,-371.5687146611106,-11.611522333159707,32,24,8,0.75,0.7569143452351478,-281.43157159291644,-8.794736612278639
REC_X11_TIME_48H,RECOVERY_X,SIDE_SHORT|AGE_72_97|BTC6_OPPOSE|REL24_NEG,SIDE_SHORT AND AGE_72_97 AND BTC6_OPPOSE AND REL24_NEG,SIDE_* token,KEEP_SOURCE_SIDE,0,TIME_48H,0.10X,rank 9,YES_TO_MIN_VENUE_QTY_MAX_0.30X,PREEMPTIBLE_BY_OPPOSITE_REC_Y,16,YES,EXCLUSIVE_OR_REC_Y_PREEMPT_X_G,1.00X,2.00X,3.00X,4.25X,0.1,0.1,0.1,9,TIME_48H,14,9,5,0.6428571428571429,6.27019329121751,2452.264763592227,175.16176882801622,14,9,5,0.6428571428571429,6.0410974080028454,1425.233272136481,101.80237658117721,14,9,5,0.6428571428571429,6.125493949297566,866.3773541346981,61.88409672390701
REC_X12_TIME_12H,RECOVERY_X,SIDE_SHORT|AGE_48_72|REL12_NEG|VOL_GE1,SIDE_SHORT AND AGE_48_72 AND REL12_NEG AND VOL_GE1,SIDE_* token,KEEP_SOURCE_SIDE,0,TIME_12H,0.10X,rank 9,YES_TO_MIN_VENUE_QTY_MAX_0.30X,PREEMPTIBLE_BY_OPPOSITE_REC_Y,16,YES,EXCLUSIVE_OR_REC_Y_PREEMPT_X_G,1.00X,2.00X,3.00X,4.25X,0.1,0.1,0.1,9,TIME_12H,15,12,3,0.8,83.55947997636225,196.94233493532838,13.129488995688558,15,12,3,0.8,50.74193299966186,113.81954549392167,7.587969699594778,15,12,3,0.8,30.773835139289258,66.10474126058679,4.406982750705786
REC_X13_TP1.5_SL1_H24,RECOVERY_X,SIDE_SHORT|RET6_GE30|REL12_POS|BREAK24,SIDE_SHORT AND RET6_GE30 AND REL12_POS AND BREAK24,SIDE_* token,KEEP_SOURCE_SIDE,0,TP1.5_SL1_H24,0.10X,rank 9,YES_TO_MIN_VENUE_QTY_MAX_0.30X,PREEMPTIBLE_BY_OPPOSITE_REC_Y,16,YES,EXCLUSIVE_OR_REC_Y_PREEMPT_X_G,1.00X,2.00X,3.00X,4.25X,0.1,0.1,0.1,9,TP1.5_SL1_H24_STOP|TP1.5_SL1_H24_TP,23,13,10,0.5652173913043478,1.5792380172462546,350.21252411081906,15.226631483079089,23,13,10,0.5652173913043478,1.3882898661785383,153.10269791851672,6.65663903993551,23,13,10,0.5652173913043478,1.2614065797008265,64.39783149460976,2.799905717156946
REC_X14_TIME_48H,RECOVERY_X,SIDE_LONG|AGE_48_72|BTC24_ALIGNED|ER24_GE30,SIDE_LONG AND AGE_48_72 AND BTC24_ALIGNED AND ER24_GE30,SIDE_* token,KEEP_SOURCE_SIDE,0,TIME_48H,0.10X,rank 9,YES_TO_MIN_VENUE_QTY_MAX_0.30X,PREEMPTIBLE_BY_OPPOSITE_REC_Y,16,YES,EXCLUSIVE_OR_REC_Y_PREEMPT_X_G,1.00X,2.00X,3.00X,4.25X,0.1,0.1,0.1,9,TIME_48H,12,9,3,0.75,0.8245406439509159,-90.92037761612104,-7.576698134676754,12,9,3,0.75,0.6911915631516039,-101.4883083125504,-8.457359026045866,12,9,3,0.75,0.5537610773440084,-96.81000194729421,-8.067500162274518
REC_Y01_REV_D0_T72,RECOVERY_Y_REVERSAL,SIDE_LONG|BTC6_ALIGNED|BTC24_OPPOSE|ER24_LT30,SIDE_LONG AND BTC6_ALIGNED AND BTC24_OPPOSE AND ER24_LT30,SIDE_* token,FLIP_SOURCE_SIDE,0,REV_D0_T72,0.10X,rank 9,YES_TO_MIN_VENUE_QTY_MAX_0.30X,REC_Y_MAY_PREEMPT_OPPOSITE_X_G_ONLY,16,YES,EXCLUSIVE_OR_REC_Y_PREEMPT_X_G,1.00X,2.00X,3.00X,4.25X,0.1,0.1,0.1,9,REV_D0_T72,14,14,0,1.0,,2372.345627969659,169.4532591406899,13,13,0,1.0,,1406.8040332397518,108.21569486459629,14,14,0,1.0,,807.5644042405428,57.68317173146734
REC_Y02_REV_D0_T12,RECOVERY_Y_REVERSAL,SIDE_SHORT|AGE_72_97|RET6_NEG|REL12_NEG,SIDE_SHORT AND AGE_72_97 AND RET6_NEG AND REL12_NEG,SIDE_* token,FLIP_SOURCE_SIDE,0,REV_D0_T12,0.10X,rank 9,YES_TO_MIN_VENUE_QTY_MAX_0.30X,REC_Y_MAY_PREEMPT_OPPOSITE_X_G_ONLY,16,YES,EXCLUSIVE_OR_REC_Y_PREEMPT_X_G,1.00X,2.00X,3.00X,4.25X,0.1,0.1,0.1,9,REV_D0_T12,15,15,0,1.0,,2601.7103796483552,173.44735864322368,15,14,1,0.9333333333333333,5764.775628221444,1522.2979285527729,101.48652857018486,15,14,1,0.9333333333333333,1982.694491053349,855.9860589306097,57.06573726204065
REC_Y03_REV_D0_T36,RECOVERY_Y_REVERSAL,SIDE_LONG|EMA_0_05|BODY_OPPOSE,SIDE_LONG AND EMA_0_05 AND BODY_OPPOSE,SIDE_* token,FLIP_SOURCE_SIDE,0,REV_D0_T36,0.10X,rank 9,YES_TO_MIN_VENUE_QTY_MAX_0.30X,REC_Y_MAY_PREEMPT_OPPOSITE_X_G_ONLY,16,YES,EXCLUSIVE_OR_REC_Y_PREEMPT_X_G,1.00X,2.00X,3.00X,4.25X,0.1,0.1,0.1,9,REV_D0_T36,18,16,2,0.8888888888888888,49.72879162325702,3067.1675366261443,170.39819647923025,18,15,3,0.8333333333333334,41.637913930649596,1783.7557057785943,99.0975392099219,18,15,3,0.8333333333333334,35.36121143390571,1031.8250540668378,57.32361411482432
REC_Y04_REV_D2_T36,RECOVERY_Y_REVERSAL,SIDE_SHORT|REL12_NEG|RANGE_NOT_TOP25|CLV_FAVOR,SIDE_SHORT AND REL12_NEG AND RANGE_NOT_TOP25 AND CLV_FAVOR,SIDE_* token,FLIP_SOURCE_SIDE,2,REV_D2_T36,0.10X,rank 9,YES_TO_MIN_VENUE_QTY_MAX_0.30X,REC_Y_MAY_PREEMPT_OPPOSITE_X_G_ONLY,16,YES,EXCLUSIVE_OR_REC_Y_PREEMPT_X_G,1.00X,2.00X,3.00X,4.25X,0.1,0.1,0.1,9,REV_D2_T36,11,10,1,0.9090909090909091,227885.72940236048,929.405080394788,84.49137094498073,11,10,1,0.9090909090909091,41970.597872537306,494.97936460525256,44.99812405502296,11,7,4,0.6363636363636364,266.37364006750414,272.7123875624229,24.792035232947537
REC_Y05_REV_D2_T9,RECOVERY_Y_REVERSAL,SIDE_SHORT|EMA_LT0|BTC6_OPPOSE|REL24_POS,SIDE_SHORT AND EMA_LT0 AND BTC6_OPPOSE AND REL24_POS,SIDE_* token,FLIP_SOURCE_SIDE,2,REV_D2_T9,0.10X,rank 9,YES_TO_MIN_VENUE_QTY_MAX_0.30X,REC_Y_MAY_PREEMPT_OPPOSITE_X_G_ONLY,16,YES,EXCLUSIVE_OR_REC_Y_PREEMPT_X_G,1.00X,2.00X,3.00X,4.25X,0.1,0.1,0.1,9,REV_D2_T9,10,10,0,1.0,,685.9009095246425,68.59009095246425,10,10,0,1.0,,409.0421854956551,40.904218549565506,10,10,0,1.0,,256.9776467054754,25.697764670547542
REC_Y06_REV_D0_T72,RECOVERY_Y_REVERSAL,SIDE_LONG|REL24_POS,SIDE_LONG AND REL24_POS,SIDE_* token,FLIP_SOURCE_SIDE,0,REV_D0_T72,0.10X,rank 9,YES_TO_MIN_VENUE_QTY_MAX_0.30X,REC_Y_MAY_PREEMPT_OPPOSITE_X_G_ONLY,16,YES,EXCLUSIVE_OR_REC_Y_PREEMPT_X_G,1.00X,2.00X,3.00X,4.25X,0.1,0.1,0.1,9,REV_D0_T72,170,122,48,0.7176470588235294,2.4132831451794203,9539.913907629543,56.11714063311496,171,121,50,0.7076023391812866,1.8242815820488623,4472.084214557777,26.15253926641975,169,118,51,0.6982248520710059,1.8037728056099769,2625.526804053725,15.535661562448077
REC_Y07_REV_D0_T72,RECOVERY_Y_REVERSAL,SIDE_LONG|EMA_05_10|BTC6_ALIGNED|ER24_LT30,SIDE_LONG AND EMA_05_10 AND BTC6_ALIGNED AND ER24_LT30,SIDE_* token,FLIP_SOURCE_SIDE,0,REV_D0_T72,0.10X,rank 9,YES_TO_MIN_VENUE_QTY_MAX_0.30X,REC_Y_MAY_PREEMPT_OPPOSITE_X_G_ONLY,16,YES,EXCLUSIVE_OR_REC_Y_PREEMPT_X_G,1.00X,2.00X,3.00X,4.25X,0.1,0.1,0.1,9,REV_D0_T72,10,10,0,1.0,,2978.9075425633396,297.89075425633393,9,9,0,1.0,,1797.3106588759274,199.70118431954748,9,9,0,1.0,,1038.2176083821298,115.35751204245886
REC_Y08_REV_D0_T6,RECOVERY_Y_REVERSAL,SIDE_LONG|EMA_10_20|ER24_LT30,SIDE_LONG AND EMA_10_20 AND ER24_LT30,SIDE_* token,FLIP_SOURCE_SIDE,0,REV_D0_T6,0.10X,rank 9,YES_TO_MIN_VENUE_QTY_MAX_0.30X,REC_Y_MAY_PREEMPT_OPPOSITE_X_G_ONLY,16,YES,EXCLUSIVE_OR_REC_Y_PREEMPT_X_G,1.00X,2.00X,3.00X,4.25X,0.1,0.1,0.1,9,REV_D0_T6,12,11,1,0.9166666666666666,2379.4740800122486,244.9209204637384,20.410076705311536,12,10,2,0.8333333333333334,628.6691824106796,126.8914962844745,10.574291357039542,12,8,4,0.6666666666666666,54.886347035088114,61.06381246559842,5.088651038799868
REC_Y09_REV_D2_T24,RECOVERY_Y_REVERSAL,SIDE_LONG|BTC24_OPPOSE,SIDE_LONG AND BTC24_OPPOSE,SIDE_* token,FLIP_SOURCE_SIDE,2,REV_D2_T24,0.10X,rank 9,YES_TO_MIN_VENUE_QTY_MAX_0.30X,REC_Y_MAY_PREEMPT_OPPOSITE_X_G_ONLY,16,YES,EXCLUSIVE_OR_REC_Y_PREEMPT_X_G,1.00X,2.00X,3.00X,4.25X,0.1,0.1,0.1,9,REV_D2_T24,11,10,1,0.9090909090909091,40602.939986196856,825.1745137417344,75.01586488561222,11,10,1,0.9090909090909091,16981.341198589966,514.3017508790365,46.754704625366955,11,10,1,0.9090909090909091,7626.955897692803,306.9646613820359,27.905878307457808
REC_Y10_REV_D2_T24,RECOVERY_Y_REVERSAL,SIDE_SHORT|EMA_LT0|BTC6_OPPOSE,SIDE_SHORT AND EMA_LT0 AND BTC6_OPPOSE,SIDE_* token,FLIP_SOURCE_SIDE,2,REV_D2_T24,0.10X,rank 9,YES_TO_MIN_VENUE_QTY_MAX_0.30X,REC_Y_MAY_PREEMPT_OPPOSITE_X_G_ONLY,16,YES,EXCLUSIVE_OR_REC_Y_PREEMPT_X_G,1.00X,2.00X,3.00X,4.25X,0.1,0.1,0.1,9,REV_D2_T24,12,10,2,0.8333333333333334,1580.8301394821215,1127.5488120376103,93.96240100313419,12,10,2,0.8333333333333334,770.7205129623916,671.7926282583246,55.98271902152705,12,9,3,0.75,368.0893525697762,403.26914529169073,33.60576210764089
REC_Y11_REV_D0_T36,RECOVERY_Y_REVERSAL,SIDE_SHORT|BTC24_OPPOSE|BODY_FAVOR,SIDE_SHORT AND BTC24_OPPOSE AND BODY_FAVOR,SIDE_* token,FLIP_SOURCE_SIDE,0,REV_D0_T36,0.10X,rank 9,YES_TO_MIN_VENUE_QTY_MAX_0.30X,REC_Y_MAY_PREEMPT_OPPOSITE_X_G_ONLY,16,YES,EXCLUSIVE_OR_REC_Y_PREEMPT_X_G,1.00X,2.00X,3.00X,4.25X,0.1,0.1,0.1,9,REV_D0_T36,11,10,1,0.9090909090909091,13.160200572265195,186.4609809897028,16.950998271791164,11,9,2,0.8181818181818182,8.028389292706905,113.68769949623021,10.3352454087482,11,9,2,0.8181818181818182,4.82538322853704,71.05721246055357,6.459746587323052
REC_Y12_REV_D0_T24,RECOVERY_Y_REVERSAL,SIDE_SHORT|PULLBACK_GT15|BODY_FAVOR,SIDE_SHORT AND PULLBACK_GT15 AND BODY_FAVOR,SIDE_* token,FLIP_SOURCE_SIDE,0,REV_D0_T24,0.10X,rank 9,YES_TO_MIN_VENUE_QTY_MAX_0.30X,REC_Y_MAY_PREEMPT_OPPOSITE_X_G_ONLY,16,YES,EXCLUSIVE_OR_REC_Y_PREEMPT_X_G,1.00X,2.00X,3.00X,4.25X,0.1,0.1,0.1,9,REV_D0_T24,13,12,1,0.9230769230769231,4869.766209614107,4441.333490828448,341.64103775603445,13,11,2,0.8461538461538461,3097.643253508718,2726.114853857464,209.7011426044203,13,10,3,0.7692307692307693,1877.3461398854704,1631.0341495630375,125.46416535100289
REC_Y13_REV_D2_T36,RECOVERY_Y_REVERSAL,SIDE_SHORT|REL24_POS|EXPAND|BODY_FAVOR,SIDE_SHORT AND REL24_POS AND EXPAND AND BODY_FAVOR,SIDE_* token,FLIP_SOURCE_SIDE,2,REV_D2_T36,0.10X,rank 9,YES_TO_MIN_VENUE_QTY_MAX_0.30X,REC_Y_MAY_PREEMPT_OPPOSITE_X_G_ONLY,16,YES,EXCLUSIVE_OR_REC_Y_PREEMPT_X_G,1.00X,2.00X,3.00X,4.25X,0.1,0.1,0.1,9,REV_D2_T36,11,8,3,0.7272727272727273,5.639650493671651,523.2463965957868,47.56785423598062,11,7,4,0.6363636363636364,4.59949497117388,292.7319269085125,26.611993355319317,11,7,4,0.6363636363636364,4.123290513986638,173.88949720271182,15.808136109337438
REC_Y15_REV_D0_T3,RECOVERY_Y_REVERSAL,SIDE_SHORT|RET6_15_30|REL12_POS|VOL_GE1,SIDE_SHORT AND RET6_15_30 AND REL12_POS AND VOL_GE1,SIDE_* token,FLIP_SOURCE_SIDE,0,REV_D0_T3,0.10X,rank 9,YES_TO_MIN_VENUE_QTY_MAX_0.30X,REC_Y_MAY_PREEMPT_OPPOSITE_X_G_ONLY,16,YES,EXCLUSIVE_OR_REC_Y_PREEMPT_X_G,1.00X,2.00X,3.00X,4.25X,0.1,0.1,0.1,9,REV_D0_T3,10,10,0,1.0,,34.08081301250117,3.4080813012501165,10,8,2,0.8,4.6173647866417955,15.714110700000727,1.5714110700000727,10,8,2,0.8,1.9828047028893039,6.650570235000445,0.6650570235000445
REC_Y16_REV_D0_T6,RECOVERY_Y_REVERSAL,SIDE_SHORT|PULLBACK_025_15|EXPAND,SIDE_SHORT AND PULLBACK_025_15 AND EXPAND,SIDE_* token,FLIP_SOURCE_SIDE,0,REV_D0_T6,0.10X,rank 9,YES_TO_MIN_VENUE_QTY_MAX_0.30X,REC_Y_MAY_PREEMPT_OPPOSITE_X_G_ONLY,16,YES,EXCLUSIVE_OR_REC_Y_PREEMPT_X_G,1.00X,2.00X,3.00X,4.25X,0.1,0.1,0.1,9,REV_D0_T6,9,9,0,1.0,,171.39042749070228,19.043380832300254,9,9,0,1.0,,98.98035139162619,10.9978168212918,9,9,0,1.0,,60.49835121433516,6.722039023815018
REC_Y17_REV_D1_T3,RECOVERY_Y_REVERSAL,SIDE_SHORT|AGE_24_48|VOL_GE1|RANGE_MID,SIDE_SHORT AND AGE_24_48 AND VOL_GE1 AND RANGE_MID,SIDE_* token,FLIP_SOURCE_SIDE,1,REV_D1_T3,0.10X,rank 9,YES_TO_MIN_VENUE_QTY_MAX_0.30X,REC_Y_MAY_PREEMPT_OPPOSITE_X_G_ONLY,16,YES,EXCLUSIVE_OR_REC_Y_PREEMPT_X_G,1.00X,2.00X,3.00X,4.25X,0.1,0.1,0.1,9,REV_D1_T3,12,9,3,0.75,106.93623858427244,294.3977657486717,24.53314714572264,12,8,4,0.6666666666666666,38.26676653062302,155.9417626181258,12.995146884843818,12,7,5,0.5833333333333334,18.00356989316133,81.53859766418468,6.7948831386820565
REC_Y18_REV_D2_T18,RECOVERY_Y_REVERSAL,SIDE_LONG|ER24_LT30|PULLBACK_025_15,SIDE_LONG AND ER24_LT30 AND PULLBACK_025_15,SIDE_* token,FLIP_SOURCE_SIDE,2,REV_D2_T18,0.10X,rank 9,YES_TO_MIN_VENUE_QTY_MAX_0.30X,REC_Y_MAY_PREEMPT_OPPOSITE_X_G_ONLY,16,YES,EXCLUSIVE_OR_REC_Y_PREEMPT_X_G,1.00X,2.00X,3.00X,4.25X,0.1,0.1,0.1,9,REV_D2_T18,10,8,2,0.8,1.9258939962039634,39.95607068217928,3.995607068217928,10,8,2,0.8,1.7579112098896967,24.699651917229314,2.4699651917229315,10,8,2,0.8,1.6738346127017756,15.855619571312076,1.5855619571312076
REC_Y19_REV_D1_TP2_SL1_H36,RECOVERY_Y_REVERSAL,SIDE_LONG|BTC6_ALIGNED|VOL_GE1|PULLBACK_GT15,SIDE_LONG AND BTC6_ALIGNED AND VOL_GE1 AND PULLBACK_GT15,SIDE_* token,FLIP_SOURCE_SIDE,1,REV_D1_TP2_SL1_H36,0.10X,rank 9,YES_TO_MIN_VENUE_QTY_MAX_0.30X,REC_Y_MAY_PREEMPT_OPPOSITE_X_G_ONLY,16,YES,EXCLUSIVE_OR_REC_Y_PREEMPT_X_G,1.00X,2.00X,3.00X,4.25X,0.1,0.1,0.1,9,REV_D1_TP2_SL1_H36_STOP|REV_D1_TP2_SL1_H36_TP,10,8,2,0.8,103.2653912896971,59.82370531426226,5.982370531426226,10,8,2,0.8,73.2497259980177,41.66851222511102,4.166851222511102,10,8,2,0.8,56.96010618196534,28.617142911262764,2.8617142911262765
REC_Z14_ORIG_D2_T6,RECOVERY_Z_ORIGINAL,SIDE_SHORT|AGE_12_24|NO_BREAK24,SIDE_SHORT AND AGE_12_24 AND NO_BREAK24,SIDE_* token,KEEP_SOURCE_SIDE,2,ORIG_D2_T6,0.10X,rank 9,YES_TO_MIN_VENUE_QTY_MAX_0.30X,PROTECTED,16,YES,EXCLUSIVE_OR_REC_Y_PREEMPT_X_G,1.00X,2.00X,3.00X,4.25X,0.1,0.1,0.1,9,ORIG_D2_T6,10,10,0,1.0,,659.6219172957652,65.96219172957652,10,10,0,1.0,,357.31998372145034,35.731998372145036,10,10,0,1.0,,186.86973709443814,18.686973709443812
REC_Z21_ORIG_D2_TP1_SL1_H24,RECOVERY_Z_ORIGINAL,SIDE_SHORT|REL24_POS|RANGE_TOP25,SIDE_SHORT AND REL24_POS AND RANGE_TOP25,SIDE_* token,KEEP_SOURCE_SIDE,2,ORIG_D2_TP1_SL1_H24,0.10X,rank 9,YES_TO_MIN_VENUE_QTY_MAX_0.30X,PROTECTED,16,YES,EXCLUSIVE_OR_REC_Y_PREEMPT_X_G,1.00X,2.00X,3.00X,4.25X,0.1,0.1,0.1,9,ORIG_D2_TP1_SL1_H24_STOP|ORIG_D2_TP1_SL1_H24_TP,11,9,2,0.8181818181818182,2529.839649174836,578.083601142878,52.553054649352546,11,9,2,0.8181818181818182,1286.3251122130357,302.8289973564497,27.529908850586335,11,9,2,0.8181818181818182,657.3131651477073,158.01194674430337,14.364722431300306
