scenario,month,openingAssetJpy,depositJpy,closingAssetJpy,tradingPnlJpy,timeWeightedReturnPct,V12,PENGU,Q102,FET,V52,OTHER,logicPnlSumJpy,reconciliationResidualJpy
NORMAL,2025-08,10000.0,0.0,17191.48297494,7191.48297494,71.91482975,949.9539406899997,-245.09553943999998,175.23561991999998,73.60469913,6237.784254560001,0.0,7191.4829748600005,7.999915396794677e-08
NORMAL,2025-09,17191.48297494,10000.0,49100.93890545,21909.45593051,80.57470036,4834.975071080001,5136.4494673399995,-3153.7358563400003,1217.60933819,13874.157910249998,0.0,21909.45593052,-9.997165761888027e-09
NORMAL,2025-10,49100.93890545,10000.0,193878.29191006,134777.35300461,228.04604377,7585.043059999995,57155.51750259,34839.94367996999,488.36648729,34708.48227467,0.0,134777.35300452,8.998904377222061e-08
NORMAL,2025-11,193878.29191006,10000.0,1800019.1109106,1596140.81900054,782.88904819,328469.08639466,21413.236421089994,1303971.98256019,-113012.63305147,55299.14667612001,0.0,1596140.81900059,-4.98257577419281e-08
NORMAL,2025-12,1800019.1109106,10000.0,2495492.0748714,685472.9639608,37.87103461,287780.38352601,355203.88612618,5848.922632859962,0.0,36639.7716757,0.0,685472.9639607499,5.005858838558197e-08
NORMAL,2026-01,2495492.0748714,10000.0,14149921.09390965,11644429.01903825,464.75617049,4468061.00128806,2875151.9971869104,4143978.6058860198,157237.41467724997,0.0,0.0,11644429.01903824,1.1175870895385742e-08
NORMAL,2026-02,14149921.09390965,10000.0,34906676.38264612,20746755.28873647,146.51744986,8012109.677335239,2752554.34316744,4365229.125376019,5616862.1428578,0.0,0.0,20746755.2887365,-2.9802322387695312e-08
NORMAL,2026-03,34906676.38264612,10000.0,142335704.84629995,107419028.46365383,307.64390999,17636157.57386193,16629167.21076289,22680103.1080072,34171217.12059341,16302383.4504284,0.0,107419028.46365383,0.0
NORMAL,2026-04,142335704.84629995,10000.0,256802864.5832604,114457159.73696044,80.40787733,5649015.47705904,46929798.67241007,38549505.48080208,0.0,23328840.106689446,0.0,114457159.73696063,-1.9371509552001953e-07
NORMAL,2026-05,256802864.5832604,10000.0,437140227.21317405,180327362.62991366,70.21741801,16119354.41685104,38993959.69165284,23550670.852873724,114813621.26311842,-13150243.59458252,0.0,180327362.6299135,1.4901161193847656e-07
NORMAL,2026-06,437140227.21317405,10000.0,1297521304.2017653,860371076.9885912,196.81359483,298929895.2963052,26474924.53732992,369987715.1855999,31514990.99980211,133463550.9695541,0.0,860371076.9885912,0.0
NORMAL,2026-07,1297521304.2017653,10000.0,1412458908.3688695,114927604.16710424,8.85740512,115871155.68275142,-132199742.3506631,0.0,-11809423.29303225,143065614.1280479,0.0,114927604.16710399,2.5331974029541016e-07
NORMAL,2026-08,1412458908.3688695,10000.0,1448665533.0239232,36196624.65505362,2.5626493,0.0,26780096.55521676,0.0,0.0,9416528.09983686,0.0,36196624.655053616,7.450580596923828e-09
SEVERE,2025-08,10000.0,0.0,9564.33166295,-435.66833705,-4.35668337,-181.56567500000006,-297.87695305,-36.86346233000002,80.63775337,0.0,0.0,-435.6683370100001,-3.999991804448655e-08
SEVERE,2025-09,9564.33166295,10000.0,24098.76548421,4534.43382126,23.17704432,911.4355922000001,2635.42108711,-22.241987339999923,1009.8191292900001,0.0,0.0,4534.4338212600005,-9.094947017729282e-13
SEVERE,2025-10,24098.76548421,10000.0,76071.40378746,41972.63830325,123.0913721,-1476.5119979700007,24532.976646839998,18700.523423270002,215.65023109,0.0,0.0,41972.63830323,2.0001607481390238e-08
SEVERE,2025-11,76071.40378746,10000.0,537988.66814442,451917.26435696,525.049255,72439.26229686999,8108.3599258600025,430596.18504347,-59226.542909230004,0.0,0.0,451917.26435697,-9.953510016202927e-09
SEVERE,2025-12,537988.66814442,10000.0,643151.00206442,95162.33392,17.3657485,28133.27630631998,76570.47256902,-9541.414955359998,0.0,0.0,0.0,95162.33391997998,2.0023435354232788e-08
SEVERE,2026-01,643151.00206442,10000.0,3063718.15194629,2410567.14988187,369.06735843,811924.19836185,625768.61763636,938403.1332890401,34471.20059465,0.0,0.0,2410567.1498819003,-3.026798367500305e-08
SEVERE,2026-02,3063718.15194629,10000.0,7003293.0619768,3929574.91003051,127.84434733,1155559.4352872295,483815.98666030995,1177247.52477231,1112951.96331066,0.0,0.0,3929574.9100305093,4.656612873077393e-10
SEVERE,2026-03,7003293.0619768,10000.0,20429312.09219672,13416019.03021992,191.29414544,1461428.0936398504,2623812.1026064,4067979.9649088206,5262798.869064881,0.0,0.0,13416019.030219952,-3.166496753692627e-08
SEVERE,2026-04,20429312.09219672,10000.0,25658624.40751907,5219312.31532235,25.53565547,-434553.4209680301,4986013.91063731,1238488.7639536404,-570636.93830056,0.0,0.0,5219312.31532236,-1.0244548320770264e-08
SEVERE,2026-05,25658624.40751907,10000.0,38281571.03596161,12612946.62844254,49.1376025,50191.17305534013,2105631.7049314403,2488833.96409928,7968289.78635648,0.0,0.0,12612946.62844254,0.0
SEVERE,2026-06,38281571.03596161,10000.0,82874627.01009583,44583055.97413422,116.4304696,16390875.375235073,837341.44532918,25011988.34624969,2342850.80732033,0.0,0.0,44583055.974134274,-5.21540641784668e-08
SEVERE,2026-07,82874627.01009583,10000.0,74850413.03352356,-8034213.97657228,-9.69324984,2126274.5485857525,-9309582.49467304,0.0,-850906.03048496,0.0,0.0,-8034213.976572247,-3.259629011154175e-08
SEVERE,2026-08,74850413.03352356,10000.0,75982803.52048858,1122390.48696502,1.49931111,0.0,1122390.48696501,0.0,0.0,0.0,0.0,1122390.48696501,1.0011717677116394e-08
