variantId,v12Multiplier,entryPolicy,normalReturnPct,normalPf,normalPfWithoutBest,normalDdPct,severeReturnPct,severePf,severePfWithoutBest,severeDdPct,worstPriorityNormalReturnPct,worstPrioritySevereReturnPct,worstPrioritySeverePf,worstPrioritySeverePfWithoutBest,worstPrioritySevereDdPct,normalPriorityDeltaPctPoint,normalGainVsBaselinePctPoint,severeGainVsBaselinePctPoint,maxObservedTotalGross,gatePass,robustScore
V12_X1.00_ALL,1.0,ALL,889.7947479,3.30648586,3.15630368,-12.07387354,189.4743864,2.15128027,2.00123085,-16.27200837,889.7947479,189.4743864,2.15128027,2.00123085,-16.27200837,0.0,466.48888059,91.58675139,2.5,True,183.77918347
V12_X0.75_ALL,0.75,ALL,763.46586151,3.31829109,3.156684,-11.94932198,168.06208153,2.17340189,2.0074322,-16.61803831,763.46586151,168.06208153,2.17340189,2.0074322,-16.61803831,0.0,340.1599942,70.17444652,2.5,True,162.24576812
V12_X0.50_ALL,0.5,ALL,631.49717877,3.32005877,3.14386283,-11.76825392,142.57241913,2.19688026,2.00782063,-17.07182443,631.49717877,142.57241913,2.19688026,2.00782063,-17.07182443,0.0,208.19131146,44.68478412,2.25,True,136.59728058
V12_X1.00_JST_16_24,1.0,JST_16_24,503.93583963,3.12787068,2.95289287,-11.53324009,141.58958481,2.35825372,2.1470632,-17.65612813,503.93583963,141.58958481,2.35825372,2.1470632,-17.65612813,0.0,80.62997232,43.7019498,2.5,True,135.40993996
V12_X1.00_JST_00_08,1.0,JST_00_08,603.29427158,3.34151086,3.1627659,-11.63851748,138.08106747,2.20199039,2.01244657,-16.59797119,603.29427158,138.08106747,2.20199039,2.01244657,-16.59797119,0.0,179.98840427,40.19343246,2.5,True,132.27177755
V12_X1.00_JST_08_16,1.0,JST_08_16,610.43464051,3.42908203,3.23909331,-11.79245752,135.97640803,2.25671814,2.0488257,-16.98775098,610.43464051,135.97640803,2.25671814,2.0488257,-16.98775098,0.0,187.1287732,38.08877302,2.25,True,130.03069519
V12_X1.00_US_RTH_OFF,1.0,US_RTH_OFF,716.32907193,3.16903547,3.01534658,-11.85465242,135.18555309,1.94118984,1.7913932,-16.27200837,716.32907193,135.18555309,1.94118984,1.7913932,-16.27200837,0.0,293.02320462,37.29791808,2.25,True,129.49035016
V12_X0.75_JST_16_24,0.75,JST_16_24,482.34331658,3.15281754,2.97075575,-11.5014169,131.596523,2.34171541,2.12119277,-17.65612813,482.34331658,131.596523,2.34171541,2.12119277,-17.65612813,0.0,59.03744927,33.70888799,2.39488766,True,125.41687815
V12_X0.75_JST_00_08,0.75,JST_00_08,563.19643953,3.34956883,3.16343084,-11.62281113,130.70820976,2.2270666,2.02467033,-16.94265399,563.19643953,130.70820976,2.2270666,2.02467033,-16.94265399,0.0,139.89057222,32.82057475,2.5,True,124.77828086
V12_X0.75_JST_08_16,0.75,JST_08_16,561.1021607,3.40435485,3.20933552,-11.69582997,128.58843993,2.27136703,2.05338802,-17.23498884,561.1021607,128.58843993,2.27136703,2.05338802,-17.23498884,0.0,137.79629339,30.70080492,2.25,True,122.55619384
V12_X0.75_US_RTH_OFF,0.75,US_RTH_OFF,644.21115663,3.20742753,3.04263763,-11.74229861,127.54745976,1.99168033,1.82600664,-16.61803831,644.21115663,127.54745976,1.99168033,1.82600664,-16.61803831,0.0,220.90528932,29.65982475,2.25,True,121.73114635
V12_X0.50_JST_16_24,0.5,JST_16_24,462.1518251,3.2050337,3.01330937,-11.46959372,119.85995615,2.31936342,2.08708625,-17.76298622,462.1518251,119.85995615,2.31936342,2.08708625,-17.76298622,0.0,38.84595779,21.97232114,2.25,True,113.64291097
V12_X0.50_JST_00_08,0.5,JST_00_08,513.13746283,3.34190354,3.14721928,-11.55044476,119.34404943,2.23885496,2.02019504,-17.2873368,513.13746283,119.34404943,2.23885496,2.02019504,-17.2873368,0.0,89.83159552,21.45641442,2.25,True,113.29348155
V12_X0.25_ALL,0.25,ALL,519.03833167,3.32220848,3.12881378,-11.58712878,119.23192218,2.22738146,2.00840145,-17.52471246,519.03833167,119.23192218,2.22738146,2.00840145,-17.52471246,0.0,95.73246436,21.34428717,2.25,True,113.09827282
V12_X0.50_JST_08_16,0.5,JST_08_16,511.85977615,3.37945991,3.17850955,-11.59920243,117.98502689,2.27049534,2.0402974,-17.48222669,511.85977615,117.98502689,2.27049534,2.0402974,-17.48222669,0.0,88.55390884,20.09739188,2.25,True,111.86624755
V12_X0.50_US_RTH_OFF,0.5,US_RTH_OFF,562.35260614,3.24059725,3.06191336,-11.63006282,117.42925156,2.06013478,1.8713289,-17.07182443,562.35260614,117.42925156,2.06013478,1.8713289,-17.07182443,0.0,139.04673883,19.54161655,2.25,True,111.45411301
V12_X0.25_JST_16_24,0.25,JST_16_24,442.47445392,3.26214004,3.05982682,-11.43777053,108.62953186,2.29506319,2.04992489,-17.86984431,442.47445392,108.62953186,2.29506319,2.04992489,-17.86984431,0.0,19.16858661,10.74189685,2.25,True,102.37508635
V12_X0.25_JST_00_08,0.25,JST_00_08,466.58204497,3.33368731,3.12975654,-11.47815676,108.40677136,2.25252561,2.01511248,-17.6320196,466.58204497,108.40677136,2.25252561,2.01511248,-17.6320196,0.0,43.27617766,10.51913635,2.25,True,102.2355645
V12_X0.25_JST_08_16,0.25,JST_08_16,465.99839712,3.35300966,3.14575621,-11.50257489,107.75385706,2.26955706,2.02568898,-17.72946455,465.99839712,107.75385706,2.26955706,2.02568898,-17.72946455,0.0,42.69252981,9.86622205,2.25,True,101.54854447
V12_X0.25_US_RTH_OFF,0.25,US_RTH_OFF,488.99292516,3.27925123,3.08437973,-11.51794557,107.53972877,2.14890105,1.93008974,-17.52471246,488.99292516,107.53972877,2.14890105,1.93008974,-17.52471246,0.0,65.68705785,9.65209376,2.25,True,101.40607941
BASELINE_PENGU_STOCK,0.0,NONE,423.30586731,3.32485307,3.1108883,-11.40594734,97.88763501,2.26854061,2.00927629,-17.97670241,423.30586731,97.88763501,2.26854061,2.00927629,-17.97670241,0.0,0.0,0.0,2.25,False,91.59578917
